oneid,choice,profit,ave_other,size,whichgroup,round,rematching,time
5925,10,NULL,NULL,NULL,5,1,randomly,2021-03-19 11:30:07
5925,15,0,25,3,5,2,randomly,2021-03-19 11:35:18
5925,10,0,20,3,1,3,randomly,2021-03-19 11:37:25
5925,5,0,19,3,2,4,randomly,2021-03-19 11:39:24
5925,5,5,-1,1,6,5,randomly,2021-03-19 11:41:19
5925,5,0,18.5,3,5,6,randomly,2021-03-19 11:43:19
5925,5,5,10,3,4,7,randomly,2021-03-19 11:45:24
5925,5,0,10,3,4,8,randomly,2021-03-19 11:47:10
5925,5,5,6.5,3,5,9,randomly,2021-03-19 11:49:19
5925,5,0,14.5,3,3,10,randomly,2021-03-19 11:51:10
5925,5,5,11.5,3,0,11,randomly,2021-03-19 11:53:10
5925,5,5,14,3,5,12,randomly,2021-03-19 11:55:23
5925,5,5,3.5,3,3,13,randomly,2021-03-19 11:57:26
5925,5,0,15,3,4,14,randomly,2021-03-19 11:59:13
5925,5,0,8,3,2,15,randomly,2021-03-19 12:01:29
5925,5,5,7.5,3,4,16,randomly,2021-03-19 12:03:12
5925,5,5,9.5,3,5,17,randomly,2021-03-19 12:05:41
5925,5,5,13.5,3,2,18,randomly,2021-03-19 12:07:08
5925,5,0,5.5,3,2,19,randomly,2021-03-19 12:09:14
5925,5,5,20,3,1,20,randomly,2021-03-19 12:11:10
6185,10,NULL,NULL,NULL,3,1,assortatively,2021-03-19 11:30:55
6185,10,10,9.5,3,5,2,assortatively,2021-03-19 11:35:34
6185,30,0,15,3,5,3,assortatively,2021-03-19 11:37:37
6185,12,12,11.5,3,7,4,assortatively,2021-03-19 11:39:27
6185,12,12,12,2,5,5,assortatively,2021-03-19 11:41:29
6185,13,0,12,3,5,6,assortatively,2021-03-19 11:43:39
6185,13,0,11,3,5,7,assortatively,2021-03-19 11:45:37
6185,4,4,14.5,3,6,8,assortatively,2021-03-19 11:47:19
6185,5,5,3.5,3,0,9,assortatively,2021-03-19 11:49:26
6185,5,5,5,3,0,10,assortatively,2021-03-19 11:51:21
6185,5,5,5.5,3,0,11,assortatively,2021-03-19 11:53:28
6185,5,0,4.5,3,0,12,assortatively,2021-03-19 11:55:39
6185,5,5,5,3,0,13,assortatively,2021-03-19 11:57:22
6185,5,0,8.5,3,0,14,assortatively,2021-03-19 11:59:20
6185,20,0,5,3,0,15,assortatively,2021-03-19 12:01:15
6185,20,0,30,2,6,16,assortatively,2021-03-19 12:03:19
6185,5,0,17,2,6,17,assortatively,2021-03-19 12:05:33
6185,3,0,7.5,3,0,18,assortatively,2021-03-19 12:07:30
6185,20,20,7,3,0,19,assortatively,2021-03-19 12:09:20
6185,3,0,20,2,6,20,assortatively,2021-03-19 12:11:16
6393,10,NULL,NULL,NULL,4,1,randomly,2021-03-19 11:30:38
6393,8,0,12,3,2,2,randomly,2021-03-19 11:35:17
6393,6,0,24,3,2,3,randomly,2021-03-19 11:37:40
6393,7,0,12.5,3,4,4,randomly,2021-03-19 11:39:37
6393,6,0,5.5,3,0,5,randomly,2021-03-19 11:41:27
6393,5,0,4.5,3,2,6,randomly,2021-03-19 11:43:39
6393,2,2,-1,1,6,7,randomly,2021-03-19 11:45:28
6393,8,8,19,3,1,8,randomly,2021-03-19 11:47:17
6393,5,5,22,3,1,9,randomly,2021-03-19 11:49:26
6393,5,0,25,3,2,10,randomly,2021-03-19 11:51:24
6393,10,0,12,3,2,11,randomly,2021-03-19 11:53:35
6393,8,8,12.5,3,5,12,randomly,2021-03-19 11:55:30
6393,10,0,22,3,0,13,randomly,2021-03-19 11:57:35
6393,10,0,12.5,3,4,14,randomly,2021-03-19 11:59:18
6393,10,0,14.5,3,5,15,randomly,2021-03-19 12:01:18
6393,12,12,12,3,1,16,randomly,2021-03-19 12:03:15
6393,12,12,7,3,3,17,randomly,2021-03-19 12:05:26
6393,12,0,6.5,3,4,18,randomly,2021-03-19 12:07:16
6393,12,12,11,3,5,19,randomly,2021-03-19 12:09:21
6393,12,0,9,3,4,20,randomly,2021-03-19 12:11:17
6490,30,NULL,NULL,NULL,1,1,randomly,2021-03-19 11:30:26
6490,12,0,9,3,0,2,randomly,2021-03-19 11:35:10
6490,13,13,17.5,3,0,3,randomly,2021-03-19 11:37:13
6490,22,0,12,3,5,4,randomly,2021-03-19 11:39:12
6490,9,9,20,3,5,5,randomly,2021-03-19 11:41:13
6490,12,0,15,3,5,6,randomly,2021-03-19 11:43:09
6490,29,0,13,3,1,7,randomly,2021-03-19 11:45:17
6490,1,1,17.5,3,2,8,randomly,2021-03-19 11:47:23
6490,15,0,-1,1,6,9,randomly,2021-03-19 11:49:29
6490,8,0,11,3,0,10,randomly,2021-03-19 11:51:30
6490,17,0,20,3,1,11,randomly,2021-03-19 11:53:27
6490,26,0,9.5,3,1,12,randomly,2021-03-19 11:55:32
6490,29,0,12.5,3,0,13,randomly,2021-03-19 11:57:29
6490,12,0,10.5,3,5,14,randomly,2021-03-19 11:59:38
6490,11,0,10,3,0,15,randomly,2021-03-19 12:01:15
6490,27,0,-1,1,6,16,randomly,2021-03-19 12:03:36
6490,1,1,12.5,3,3,17,randomly,2021-03-19 12:05:34
6490,5,0,10,3,4,18,randomly,2021-03-19 12:07:18
6490,11,0,14.5,3,4,19,randomly,2021-03-19 12:09:29
6490,28,0,20,3,0,20,randomly,2021-03-19 12:11:26
6685,4,NULL,NULL,NULL,0,1,assortatively,2021-03-19 11:30:07
6685,6,0,10,3,0,2,assortatively,2021-03-19 11:35:17
6685,4,0,8.5,3,1,3,assortatively,2021-03-19 11:37:13
6685,4,4,5.5,3,1,4,assortatively,2021-03-19 11:39:33
6685,4,4,4.5,3,1,5,assortatively,2021-03-19 11:41:16
6685,20,0,8,3,0,6,assortatively,2021-03-19 11:43:22
6685,20,0,15.5,3,6,7,assortatively,2021-03-19 11:45:23
6685,15,15,9,3,6,8,assortatively,2021-03-19 11:47:55
6685,20,0,13,2,6,9,assortatively,2021-03-19 11:49:26
6685,20,0,15,2,6,10,assortatively,2021-03-19 11:51:14
6685,20,0,15,2,6,11,assortatively,2021-03-19 11:53:16
6685,20,0,30,2,6,12,assortatively,2021-03-19 11:55:17
6685,20,0,25,2,6,13,assortatively,2021-03-19 11:57:19
6685,20,0,6.5,3,5,14,assortatively,2021-03-19 11:59:14
6685,20,0,25,2,6,15,assortatively,2021-03-19 12:01:14
6685,20,0,6.5,3,5,16,assortatively,2021-03-19 12:03:16
6685,20,20,12.5,3,5,17,assortatively,2021-03-19 12:05:15
6685,20,0,20,2,6,18,assortatively,2021-03-19 12:07:22
6685,20,0,3,2,6,19,assortatively,2021-03-19 12:09:21
6685,20,0,3,2,6,20,assortatively,2021-03-19 12:11:42
8278,10,NULL,NULL,NULL,5,1,assortatively,2021-03-19 11:30:11
8278,8,8,12.5,3,6,2,assortatively,2021-03-19 11:35:14
8278,8,0,5,3,2,3,assortatively,2021-03-19 11:37:35
8278,10,10,5.5,3,3,4,assortatively,2021-03-19 11:39:30
8278,9,0,8.5,3,3,5,assortatively,2021-03-19 11:41:23
8278,6,6,11,3,3,6,assortatively,2021-03-19 11:43:19
8278,9,9,6,3,2,7,assortatively,2021-03-19 11:45:23
8278,11,0,10,3,3,8,assortatively,2021-03-19 11:47:20
8278,9,9,10.5,3,4,9,assortatively,2021-03-19 11:49:14
8278,10,10,7,3,2,10,assortatively,2021-03-19 11:51:18
8278,9,9,6,3,3,11,assortatively,2021-03-19 11:53:20
8278,8,8,15,3,3,12,assortatively,2021-03-19 11:55:15
8278,10,10,6,3,2,13,assortatively,2021-03-19 11:57:35
8278,9,0,10.5,3,4,14,assortatively,2021-03-19 11:59:15
8278,7,0,7,3,2,15,assortatively,2021-03-19 12:01:15
8278,5,0,8.5,3,2,16,assortatively,2021-03-19 12:03:19
8278,10,10,5,3,1,17,assortatively,2021-03-19 12:05:19
8278,9,0,7,3,3,18,assortatively,2021-03-19 12:07:15
8278,6,0,14.5,3,3,19,assortatively,2021-03-19 12:09:15
8278,10,10,6.5,3,1,20,assortatively,2021-03-19 12:11:14
8454,4,NULL,NULL,NULL,1,1,not,2021-03-19 11:30:22
8454,5,5,2,3,0,2,not,2021-03-19 11:35:17
8454,7,7,3,3,0,3,not,2021-03-19 11:37:38
8454,9,9,2.5,3,0,4,not,2021-03-19 11:39:25
8454,7,0,6.5,3,0,5,not,2021-03-19 11:41:29
8454,6,6,1.5,3,0,6,not,2021-03-19 11:43:21
8454,5,5,3,3,0,7,not,2021-03-19 11:45:20
8454,5,5,4,3,0,8,not,2021-03-19 11:47:30
8454,4,4,4.5,3,0,9,not,2021-03-19 11:49:18
8454,6,6,4.5,3,0,10,not,2021-03-19 11:51:46
8454,5,5,4,3,0,11,not,2021-03-19 11:53:36
8454,5,0,6.5,3,0,12,not,2021-03-19 11:55:27
8454,4,4,4,3,0,13,not,2021-03-19 11:57:24
8454,6,0,5,3,0,14,not,2021-03-19 11:59:22
8454,5,5,4.5,3,0,15,not,2021-03-19 12:01:21
8454,6,6,4,3,0,16,not,2021-03-19 12:03:29
8454,7,0,3.5,3,0,17,not,2021-03-19 12:05:40
8454,2,0,3.5,3,0,18,not,2021-03-19 12:07:31
8454,7,7,3,3,0,19,not,2021-03-19 12:09:19
8454,7,7,4.5,3,0,20,not,2021-03-19 12:11:13
9410,1,NULL,NULL,NULL,6,1,not,2021-03-19 11:31:10
9410,1,1,4,3,0,2,not,2021-03-19 11:35:24
9410,1,1,6,3,0,3,not,2021-03-19 11:37:59
9410,2,2,6,3,0,4,not,2021-03-19 11:40:19
9410,3,0,8.5,3,0,5,not,2021-03-19 11:41:43
9410,0,0,4.5,3,0,6,not,2021-03-19 11:43:27
9410,2,2,4.5,3,0,7,not,2021-03-19 11:45:54
9410,3,3,5,3,0,8,not,2021-03-19 11:47:23
9410,5,5,4,3,0,9,not,2021-03-19 11:49:40
9410,4,4,5.5,3,0,10,not,2021-03-19 11:51:43
9410,4,4,4.5,3,0,11,not,2021-03-19 11:53:51
9410,6,0,6,3,0,12,not,2021-03-19 11:55:22
9410,4,4,4,3,0,13,not,2021-03-19 11:57:52
9410,5,0,5.5,3,0,14,not,2021-03-19 11:59:35
9410,5,5,4.5,3,0,15,not,2021-03-19 12:01:23
9410,4,4,5,3,0,16,not,2021-03-19 12:03:53
9410,4,0,5,3,0,17,not,2021-03-19 12:06:22
9410,4,0,2.5,3,0,18,not,2021-03-19 12:07:37
9410,3,3,5,3,0,19,not,2021-03-19 12:09:45
9410,5,5,5.5,3,0,20,not,2021-03-19 12:11:39
10403,10,NULL,NULL,NULL,1,1,assortatively,2021-03-19 11:30:19
10403,10,10,11,3,4,2,assortatively,2021-03-19 11:35:22
10403,12,12,9,3,4,3,assortatively,2021-03-19 11:37:13
10403,12,NULL,NULL,NULL,5,4,assortatively,2021-03-19 11:39:18
13956,4,NULL,NULL,NULL,4,1,not,2021-03-19 11:31:51
13956,3,3,3,3,0,2,not,2021-03-19 11:35:28
13956,5,5,4,3,0,3,not,2021-03-19 11:37:42
13956,3,3,5.5,3,0,4,not,2021-03-19 11:39:34
13956,10,0,5,3,0,5,not,2021-03-19 11:41:36
13956,3,3,3,3,0,6,not,2021-03-19 11:43:43
13956,4,4,3.5,3,0,7,not,2021-03-19 11:45:31
13956,5,5,4,3,0,8,not,2021-03-19 11:47:22
13956,4,4,4.5,3,0,9,not,2021-03-19 11:49:42
13956,5,5,5,3,0,10,not,2021-03-19 11:51:31
13956,4,4,4.5,3,0,11,not,2021-03-19 11:53:35
13956,7,0,5.5,3,0,12,not,2021-03-19 11:55:41
13956,4,4,4,3,0,13,not,2021-03-19 11:57:31
13956,5,0,5.5,3,0,14,not,2021-03-19 11:59:40
13956,4,4,5,3,0,15,not,2021-03-19 12:02:55
13956,4,4,5,3,0,16,not,2021-03-19 12:03:35
13956,3,0,5.5,3,0,17,not,2021-03-19 12:05:31
13956,3,0,3,3,0,18,not,2021-03-19 12:07:42
13956,3,3,5,3,0,19,not,2021-03-19 12:09:49
13956,4,4,6,3,0,20,not,2021-03-19 12:11:26
16746,10,NULL,NULL,NULL,3,1,not,2021-03-19 11:30:13
16746,8,8,10.5,3,1,2,not,2021-03-19 11:35:18
16746,15,0,14.5,3,1,3,not,2021-03-19 11:37:29
16746,10,10,8,3,1,4,not,2021-03-19 11:39:20
16746,12,12,13.5,3,1,5,not,2021-03-19 11:41:18
16746,15,15,9,3,1,6,not,2021-03-19 11:43:34
16746,16,0,10,3,1,7,not,2021-03-19 11:45:28
16746,16,16,5.5,3,1,8,not,2021-03-19 11:47:20
16746,20,20,17.5,3,1,9,not,2021-03-19 11:49:22
16746,10,0,14,3,1,10,not,2021-03-19 11:51:28
16746,18,0,8,3,1,11,not,2021-03-19 11:53:24
16746,10,10,6.5,3,1,12,not,2021-03-19 11:55:29
16746,20,20,10,3,1,13,not,2021-03-19 11:57:23
16746,20,0,10.5,3,1,14,not,2021-03-19 11:59:29
16746,15,15,9.5,3,1,15,not,2021-03-19 12:01:15
16746,10,10,9.5,3,1,16,not,2021-03-19 12:03:17
16746,10,10,11,3,1,17,not,2021-03-19 12:05:19
16746,20,0,11.5,3,1,18,not,2021-03-19 12:07:17
16746,15,15,11.5,3,1,19,not,2021-03-19 12:09:19
16746,20,0,13.5,3,1,20,not,2021-03-19 12:11:19
18159,3,NULL,NULL,NULL,0,1,not,2021-03-19 11:30:14
18159,6,6,11.5,3,1,2,not,2021-03-19 11:35:20
18159,13,0,15.5,3,1,3,not,2021-03-19 11:37:23
18159,6,6,10,3,1,4,not,2021-03-19 11:39:26
18159,16,16,11.5,3,1,5,not,2021-03-19 11:41:28
18159,5,5,14,3,1,6,not,2021-03-19 11:43:18
18159,4,0,16,3,1,7,not,2021-03-19 11:45:32
18159,4,4,11.5,3,1,8,not,2021-03-19 11:47:37
18159,6,6,24.5,3,1,9,not,2021-03-19 11:49:35
18159,8,0,15,3,1,10,not,2021-03-19 11:51:33
18159,6,0,14,3,1,11,not,2021-03-19 11:53:32
18159,3,3,10,3,1,12,not,2021-03-19 11:55:40
18159,5,5,17.5,3,1,13,not,2021-03-19 11:57:26
18159,6,0,17.5,3,1,14,not,2021-03-19 11:59:43
18159,6,6,14,3,1,15,not,2021-03-19 12:01:17
18159,8,8,10.5,3,1,16,not,2021-03-19 12:03:32
18159,7,7,12.5,3,1,17,not,2021-03-19 12:05:39
18159,7,0,18,3,1,18,not,2021-03-19 12:07:19
18159,8,8,15,3,1,19,not,2021-03-19 12:09:30
18159,12,0,17.5,3,1,20,not,2021-03-19 12:11:26
20865,12,NULL,NULL,NULL,1,1,assortatively,2021-03-19 11:32:32
20865,11,11,11,3,6,2,assortatively,2021-03-19 11:35:24
20865,11,11,12,2,6,3,assortatively,2021-03-19 11:37:57
20865,17,0,12.5,3,5,4,assortatively,2021-03-19 11:39:43
20865,11,0,13,3,6,5,assortatively,2021-03-19 11:41:28
20865,11,11,7.5,3,4,6,assortatively,2021-03-19 11:43:14
20865,11,11,10,3,4,7,assortatively,2021-03-19 11:45:24
20865,11,0,9.5,3,4,8,assortatively,2021-03-19 11:47:45
20865,11,11,9.5,3,4,9,assortatively,2021-03-19 11:49:19
20865,11,11,10,3,4,10,assortatively,2021-03-19 11:51:19
20865,11,11,18.5,3,5,11,assortatively,2021-03-19 11:53:16
20865,11,0,11.5,3,5,12,assortatively,2021-03-19 11:55:14
20865,11,11,9,3,4,13,assortatively,2021-03-19 11:57:21
20865,11,0,9.5,3,4,14,assortatively,2021-03-19 11:59:26
20865,11,11,6.5,3,5,15,assortatively,2021-03-19 12:01:18
20865,11,11,8,3,3,16,assortatively,2021-03-19 12:03:21
20865,11,11,17,3,5,17,assortatively,2021-03-19 12:05:28
20865,11,0,11,3,4,18,assortatively,2021-03-19 12:07:21
20865,11,11,12,3,5,19,assortatively,2021-03-19 12:09:23
20865,11,0,8,3,4,20,assortatively,2021-03-19 12:11:16
22347,9,NULL,NULL,NULL,1,1,randomly,2021-03-19 11:31:37
22347,6,6,11.5,3,1,2,randomly,2021-03-19 11:35:24
22347,7,7,10.5,3,3,3,randomly,2021-03-19 11:37:50
22347,14,0,20,3,1,4,randomly,2021-03-19 11:39:22
22347,6,0,5.5,3,0,5,randomly,2021-03-19 11:41:20
22347,4,0,5,3,2,6,randomly,2021-03-19 11:43:37
22347,6,0,13.5,3,2,7,randomly,2021-03-19 11:46:24
22347,10,10,13,3,2,8,randomly,2021-03-19 11:47:22
22347,5,5,6.5,3,5,9,randomly,2021-03-19 11:50:02
22347,7,0,11.5,3,0,10,randomly,2021-03-19 11:51:37
22347,6,6,9.5,3,4,11,randomly,2021-03-19 11:53:31
22347,10,0,12.5,3,4,12,randomly,2021-03-19 11:55:27
22347,15,15,8,3,4,13,randomly,2021-03-19 11:57:17
22347,11,0,8.5,3,1,14,randomly,2021-03-19 11:59:54
22347,12,0,4.5,3,2,15,randomly,2021-03-19 12:01:18
22347,9,0,14,3,5,16,randomly,2021-03-19 12:04:07
22347,10,0,13.5,3,0,17,randomly,2021-03-19 12:05:17
22347,1,1,7.5,3,5,18,randomly,2021-03-19 12:07:15
22347,7,0,19.5,3,1,19,randomly,2021-03-19 12:09:20
22347,4,0,13,3,4,20,randomly,2021-03-19 12:11:52
23437,30,NULL,NULL,NULL,0,1,assortatively,2021-03-19 11:31:21
23437,20,0,30,2,8,2,assortatively,2021-03-19 11:35:26
23437,15,0,15,3,7,3,assortatively,2021-03-19 11:38:31
26467,10,NULL,NULL,NULL,5,1,not,2021-03-19 11:32:04
26467,15,15,7,3,1,2,not,2021-03-19 11:35:17
26467,16,0,14,3,1,3,not,2021-03-19 11:37:34
26467,10,10,8,3,1,4,not,2021-03-19 11:40:11
26467,11,11,14,3,1,5,not,2021-03-19 11:41:28
26467,13,13,10,3,1,6,not,2021-03-19 11:43:45
26467,16,0,10,3,1,7,not,2021-03-19 11:45:46
26467,7,7,10,3,1,8,not,2021-03-19 11:47:47
26467,29,29,13,3,1,9,not,2021-03-19 11:49:49
26467,20,0,9,3,1,10,not,2021-03-19 11:51:20
26467,10,0,12,3,1,11,not,2021-03-19 11:53:35
26467,10,10,6.5,3,1,12,not,2021-03-19 11:55:47
26467,15,15,12.5,3,1,13,not,2021-03-19 11:57:43
26467,15,0,13,3,1,14,not,2021-03-19 11:59:35
26467,13,13,10.5,3,1,15,not,2021-03-19 12:01:21
26467,11,11,9,3,1,16,not,2021-03-19 12:03:37
26467,15,15,8.5,3,1,17,not,2021-03-19 12:06:10
26467,16,0,13.5,3,1,18,not,2021-03-19 12:07:41
26467,15,15,11.5,3,1,19,not,2021-03-19 12:09:28
26467,15,0,16,3,1,20,not,2021-03-19 12:11:21
28957,12,NULL,NULL,NULL,1,1,assortatively,2021-03-19 11:30:55
28957,14,14,9.5,3,6,2,assortatively,2021-03-19 11:35:42
28957,12,12,11,2,6,3,assortatively,2021-03-19 11:37:26
28957,18,0,-1,1,6,4,assortatively,2021-03-19 11:39:24
28957,16,0,10.5,3,6,5,assortatively,2021-03-19 11:41:43
28957,15,0,16.5,3,6,6,assortatively,2021-03-19 11:43:26
28957,11,0,20,3,6,7,assortatively,2021-03-19 11:45:29
28957,17,0,6.5,3,4,8,assortatively,2021-03-19 11:47:21
28957,13,0,20,2,6,9,assortatively,2021-03-19 11:49:34
28957,16,0,10.5,3,5,10,assortatively,2021-03-19 11:51:27
28957,15,0,20,2,6,11,assortatively,2021-03-19 11:53:43
28957,11,0,11.5,3,5,12,assortatively,2021-03-19 11:55:36
28957,8,8,10.5,3,4,13,assortatively,2021-03-19 11:57:20
28957,10,10,6,3,2,14,assortatively,2021-03-19 11:59:43
28957,11,0,9.5,3,4,15,assortatively,2021-03-19 12:01:23
28957,9,9,11.5,3,4,16,assortatively,2021-03-19 12:03:14
28957,10,10,11,3,3,17,assortatively,2021-03-19 12:05:20
28957,12,0,10.5,3,4,18,assortatively,2021-03-19 12:07:33
28957,9,9,13,3,5,19,assortatively,2021-03-19 12:09:24
28957,10,0,9,3,3,20,assortatively,2021-03-19 12:11:17
29417,15,NULL,NULL,NULL,4,1,randomly,2021-03-19 11:30:26
29417,20,0,6,3,2,2,randomly,2021-03-19 11:35:22
29417,10,10,9,3,3,3,randomly,2021-03-19 11:37:41
29417,15,0,8.5,3,4,4,randomly,2021-03-19 11:39:40
29417,6,0,20.5,3,3,5,randomly,2021-03-19 11:41:27
29417,5,0,4.5,3,2,6,randomly,2021-03-19 11:43:28
29417,18,0,14.5,3,3,7,randomly,2021-03-19 11:45:22
29417,25,25,5.5,3,2,8,randomly,2021-03-19 11:47:31
29417,25,25,12,3,1,9,randomly,2021-03-19 11:49:18
29417,25,0,15,3,2,10,randomly,2021-03-19 11:51:29
29417,4,0,-1,1,6,11,randomly,2021-03-19 11:53:17
29417,14,14,8.5,3,3,12,randomly,2021-03-19 11:55:19
29417,20,0,13.5,3,5,13,randomly,2021-03-19 11:57:18
29417,10,10,-1,1,6,14,randomly,2021-03-19 11:59:21
29417,10,0,10.5,3,0,15,randomly,2021-03-19 12:01:19
29417,5,5,7.5,3,4,16,randomly,2021-03-19 12:03:13
29417,5,0,13,3,2,17,randomly,2021-03-19 12:05:15
29417,3,0,16.5,3,1,18,randomly,2021-03-19 12:07:16
29417,1,0,7.5,3,2,19,randomly,2021-03-19 12:09:18
29417,9,0,16,3,2,20,randomly,2021-03-19 12:11:14
30382,10,NULL,NULL,NULL,4,1,not,2021-03-19 11:30:59
30382,10,0,12,3,2,2,not,2021-03-19 11:35:24
30382,8,0,11,3,2,3,not,2021-03-19 11:37:46
30382,7,0,6,3,2,4,not,2021-03-19 11:39:25
30382,1,1,5.5,3,2,5,not,2021-03-19 11:41:36
30382,10,0,7,3,2,6,not,2021-03-19 11:43:41
30382,7,7,7,3,2,7,not,2021-03-19 11:46:04
30382,7,7,6.5,3,2,8,not,2021-03-19 11:47:20
30382,8,0,8,3,2,9,not,2021-03-19 11:49:28
30382,7,7,6,3,2,10,not,2021-03-19 11:51:21
30382,7,0,6.5,3,2,11,not,2021-03-19 11:53:22
30382,30,0,6.5,3,2,12,not,2021-03-19 11:55:27
30382,8,8,7.5,3,2,13,not,2021-03-19 11:57:17
30382,8,8,7,3,2,14,not,2021-03-19 11:59:12
30382,8,0,7.5,3,2,15,not,2021-03-19 12:01:10
30382,7,0,5,3,2,16,not,2021-03-19 12:03:11
30382,5,5,5.5,3,2,17,not,2021-03-19 12:05:10
30382,6,6,6,3,2,18,not,2021-03-19 12:07:31
30382,7,0,6,3,2,19,not,2021-03-19 12:09:11
30382,9,9,6.5,3,2,20,not,2021-03-19 12:11:13
31044,15,NULL,NULL,NULL,2,1,not,2021-03-19 11:31:53
31044,15,0,9.5,3,2,2,not,2021-03-19 11:35:58
31044,7,0,11.5,3,2,3,not,2021-03-19 11:37:55
31044,6,0,6.5,3,2,4,not,2021-03-19 11:40:02
31044,5,5,3.5,3,2,5,not,2021-03-19 11:41:43
31044,7,0,8.5,3,2,6,not,2021-03-19 11:43:38
31044,5,5,8,3,2,7,not,2021-03-19 11:45:37
31044,5,5,7.5,3,2,8,not,2021-03-19 11:47:34
31044,6,0,9,3,2,9,not,2021-03-19 11:49:45
31044,5,5,7,3,2,10,not,2021-03-19 11:51:36
31044,6,0,7,3,2,11,not,2021-03-19 11:53:48
31044,5,0,19,3,2,12,not,2021-03-19 11:55:33
31044,5,5,9,3,2,13,not,2021-03-19 11:57:28
31044,6,6,8,3,2,14,not,2021-03-19 11:59:37
31044,6,0,8.5,3,2,15,not,2021-03-19 12:01:21
31044,5,0,6,3,2,16,not,2021-03-19 12:03:26
31044,5,5,5.5,3,2,17,not,2021-03-19 12:05:17
31044,5,5,6.5,3,2,18,not,2021-03-19 12:07:13
31044,5,0,7,3,2,19,not,2021-03-19 12:09:12
31044,5,5,8.5,3,2,20,not,2021-03-19 12:11:16
32004,10,NULL,NULL,NULL,5,1,not,2021-03-19 11:30:13
32004,9,0,12.5,3,2,2,not,2021-03-19 11:35:23
32004,15,0,7.5,3,2,3,not,2021-03-19 11:37:26
32004,6,0,6.5,3,2,4,not,2021-03-19 11:39:14
32004,6,6,3,3,2,5,not,2021-03-19 11:41:24
32004,7,0,8.5,3,2,6,not,2021-03-19 11:43:21
32004,9,9,6,3,2,7,not,2021-03-19 11:45:18
32004,8,8,6,3,2,8,not,2021-03-19 11:47:22
32004,10,0,7,3,2,9,not,2021-03-19 11:49:16
32004,7,7,6,3,2,10,not,2021-03-19 11:51:23
32004,7,0,6.5,3,2,11,not,2021-03-19 11:53:18
32004,8,0,17.5,3,2,12,not,2021-03-19 11:55:12
32004,10,10,6.5,3,2,13,not,2021-03-19 11:57:21
32004,8,8,7,3,2,14,not,2021-03-19 11:59:24
32004,9,0,7,3,2,15,not,2021-03-19 12:01:20
32004,5,0,6,3,2,16,not,2021-03-19 12:03:16
32004,6,6,5,3,2,17,not,2021-03-19 12:05:21
32004,7,7,5.5,3,2,18,not,2021-03-19 12:07:20
32004,7,0,6,3,2,19,not,2021-03-19 12:09:14
32004,8,8,7,3,2,20,not,2021-03-19 12:11:16
32581,5,NULL,NULL,NULL,2,1,assortatively,2021-03-19 11:30:11
32581,10,0,8,3,0,2,assortatively,2021-03-19 11:35:20
32581,10,10,10,3,4,3,assortatively,2021-03-19 11:37:18
32581,10,10,4.5,3,4,4,assortatively,2021-03-19 11:39:26
32581,8,8,14,3,4,5,assortatively,2021-03-19 11:41:16
32581,12,12,8,3,3,6,assortatively,2021-03-19 11:43:20
32581,12,12,9.5,3,4,7,assortatively,2021-03-19 11:45:22
32581,12,0,8.5,3,5,8,assortatively,2021-03-19 11:47:13
32581,15,0,11,3,5,9,assortatively,2021-03-19 11:49:25
32581,15,0,20,2,6,10,assortatively,2021-03-19 11:51:19
32581,25,25,11.5,3,5,11,assortatively,2021-03-19 11:53:19
32581,30,0,20,2,6,12,assortatively,2021-03-19 11:55:22
32581,25,0,20,2,6,13,assortatively,2021-03-19 11:57:19
32581,25,25,10,2,6,14,assortatively,2021-03-19 11:59:17
32581,25,0,20,2,6,15,assortatively,2021-03-19 12:01:31
32581,30,0,20,2,6,16,assortatively,2021-03-19 12:03:23
32581,17,0,5,2,6,17,assortatively,2021-03-19 12:05:24
32581,10,0,11,3,5,18,assortatively,2021-03-19 12:07:28
32581,20,0,9,3,4,19,assortatively,2021-03-19 12:09:37
32581,21,21,15.5,3,5,20,assortatively,2021-03-19 12:11:25
34330,5,NULL,NULL,NULL,0,1,not,2021-03-19 11:30:15
34330,11,11,10,3,3,2,not,2021-03-19 11:35:21
34330,7,7,10,3,3,3,not,2021-03-19 11:37:28
34330,12,12,10.5,3,3,4,not,2021-03-19 11:39:33
34330,20,0,9.5,3,3,5,not,2021-03-19 11:41:32
34330,17,17,8,3,3,6,not,2021-03-19 11:43:25
34330,18,0,9,3,3,7,not,2021-03-19 11:45:18
34330,14,0,8.5,3,3,8,not,2021-03-19 11:47:18
34330,9,9,8,3,3,9,not,2021-03-19 11:49:11
34330,10,0,8.5,3,3,10,not,2021-03-19 11:51:17
34330,5,5,8,3,3,11,not,2021-03-19 11:53:13
34330,8,8,10,3,3,12,not,2021-03-19 11:55:31
34330,12,0,9.5,3,3,13,not,2021-03-19 11:57:13
34330,9,0,9,3,3,14,not,2021-03-19 11:59:25
34330,4,4,3.5,3,3,15,not,2021-03-19 12:01:34
34330,7,7,7.5,3,3,16,not,2021-03-19 12:03:21
34330,9,9,9.5,3,3,17,not,2021-03-19 12:05:18
34330,15,0,10,3,3,18,not,2021-03-19 12:07:23
34330,15,0,8,3,3,19,not,2021-03-19 12:09:30
34330,7,0,8.5,3,3,20,not,2021-03-19 12:11:16
38194,5,NULL,NULL,NULL,2,1,not,2021-03-19 11:31:06
38194,5,5,13,3,3,2,not,2021-03-19 11:35:16
38194,5,5,11,3,3,3,not,2021-03-19 11:37:35
38194,6,6,13.5,3,3,4,not,2021-03-19 11:39:37
38194,4,0,17.5,3,3,5,not,2021-03-19 11:41:30
38194,1,1,16,3,3,6,not,2021-03-19 11:44:07
38194,3,0,16.5,3,3,7,not,2021-03-19 11:45:32
38194,2,0,14.5,3,3,8,not,2021-03-19 11:47:52
38194,1,1,12,3,3,9,not,2021-03-19 11:49:41
38194,2,0,12.5,3,3,10,not,2021-03-19 11:52:02
38194,1,1,10,3,3,11,not,2021-03-19 11:53:25
38194,5,5,11.5,3,3,12,not,2021-03-19 11:55:50
38194,4,0,13.5,3,3,13,not,2021-03-19 11:57:25
38194,3,0,12,3,3,14,not,2021-03-19 11:59:19
38194,1,1,5,3,3,15,not,2021-03-19 12:01:42
38194,5,5,8.5,3,3,16,not,2021-03-19 12:03:46
38194,5,5,11.5,3,3,17,not,2021-03-19 12:05:44
38194,5,0,15,3,3,18,not,2021-03-19 12:08:21
38194,2,0,14.5,3,3,19,not,2021-03-19 12:09:34
38194,5,0,9.5,3,3,20,not,2021-03-19 12:11:49
39597,20,NULL,NULL,NULL,5,1,randomly,2021-03-19 11:30:21
39597,15,15,7,3,1,2,randomly,2021-03-19 11:35:25
39597,18,0,18,3,2,3,randomly,2021-03-19 11:37:21
39597,20,0,22.5,3,3,4,randomly,2021-03-19 11:39:18
39597,20,0,22,3,1,5,randomly,2021-03-19 11:41:20
39597,18,0,17,3,4,6,randomly,2021-03-19 11:43:11
39597,15,15,14,3,0,7,randomly,2021-03-19 11:45:28
39597,18,0,14,3,3,8,randomly,2021-03-19 11:47:23
39597,30,0,9.5,3,3,9,randomly,2021-03-19 11:49:25
39597,15,0,16.5,3,1,10,randomly,2021-03-19 11:51:30
39597,20,20,10,3,5,11,randomly,2021-03-19 11:53:25
39597,20,20,6.5,3,5,12,randomly,2021-03-19 11:55:25
39597,20,20,7,3,1,13,randomly,2021-03-19 11:57:15
39597,20,0,14,3,0,14,randomly,2021-03-19 11:59:18
39597,15,0,14,3,1,15,randomly,2021-03-19 12:01:18
39597,13,0,12,3,0,16,randomly,2021-03-19 12:03:22
39597,17,0,10,3,0,17,randomly,2021-03-19 12:05:14
39597,18,0,18.5,3,3,18,randomly,2021-03-19 12:07:19
39597,19,0,15,3,0,19,randomly,2021-03-19 12:09:18
39597,20,20,12.5,3,1,20,randomly,2021-03-19 12:11:13
42248,8,NULL,NULL,NULL,3,1,assortatively,2021-03-19 11:31:00
42248,10,10,6,3,3,2,assortatively,2021-03-19 11:35:42
42248,20,0,20,3,5,3,assortatively,2021-03-19 11:37:45
42248,13,13,11,3,7,4,assortatively,2021-03-19 11:39:35
42248,12,12,12,2,5,5,assortatively,2021-03-19 11:41:37
42248,12,0,12.5,3,5,6,assortatively,2021-03-19 11:43:45
42248,12,0,11.5,3,5,7,assortatively,2021-03-19 11:45:51
42248,4,0,12.5,3,5,8,assortatively,2021-03-19 11:47:25
42248,4,4,7.5,3,1,9,assortatively,2021-03-19 11:49:36
42248,5,5,5,3,0,10,assortatively,2021-03-19 11:51:25
42248,5,5,7,3,1,11,assortatively,2021-03-19 11:53:38
42248,6,0,4,3,0,12,assortatively,2021-03-19 11:55:52
42248,20,20,6,3,1,13,assortatively,2021-03-19 11:57:34
42248,5,0,14,3,5,14,assortatively,2021-03-19 11:59:28
42248,20,20,6.5,3,1,15,assortatively,2021-03-19 12:01:28
42248,3,0,15,3,5,16,assortatively,2021-03-19 12:03:29
42248,20,0,4.5,3,0,17,assortatively,2021-03-19 12:05:39
42248,20,0,20,2,6,18,assortatively,2021-03-19 12:07:56
42248,3,0,20,2,6,19,assortatively,2021-03-19 12:09:27
42248,15,15,11.5,3,0,20,assortatively,2021-03-19 12:11:30
42934,10,NULL,NULL,NULL,4,1,assortatively,2021-03-19 11:30:20
42934,10,10,9.5,3,5,2,assortatively,2021-03-19 11:35:35
42934,10,0,25,3,5,3,assortatively,2021-03-19 11:37:39
42934,6,6,6.5,3,4,4,assortatively,2021-03-19 11:40:34
42934,6,6,6,3,2,5,assortatively,2021-03-19 11:41:25
42934,6,6,6,3,1,6,assortatively,2021-03-19 11:43:18
42934,6,0,8,3,1,7,assortatively,2021-03-19 11:45:23
42934,8,8,7.5,3,1,8,assortatively,2021-03-19 11:47:36
42934,8,0,10.5,3,2,9,assortatively,2021-03-19 11:49:21
42934,8,8,8,3,2,10,assortatively,2021-03-19 11:51:29
42934,10,0,7.5,3,2,11,assortatively,2021-03-19 11:53:33
42934,9,0,12.5,3,4,12,assortatively,2021-03-19 11:55:39
42934,5,5,8.5,3,2,13,assortatively,2021-03-19 11:57:22
42934,7,0,7.5,3,0,14,assortatively,2021-03-19 11:59:52
42934,5,5,14,3,1,15,assortatively,2021-03-19 12:01:21
42934,8,8,5.5,3,1,16,assortatively,2021-03-19 12:03:39
42934,8,8,7.5,3,2,17,assortatively,2021-03-19 12:05:21
42934,8,8,4.5,3,2,18,assortatively,2021-03-19 12:07:20
42934,8,0,8.5,3,2,19,assortatively,2021-03-19 12:09:23
42934,10,0,9,3,2,20,assortatively,2021-03-19 12:11:29
43775,20,NULL,NULL,NULL,4,1,assortatively,2021-03-19 11:30:23
43775,20,0,12.5,3,7,2,assortatively,2021-03-19 11:35:33
43775,15,NULL,NULL,NULL,7,3,assortatively,2021-03-19 11:37:31
44023,20,NULL,NULL,NULL,3,1,not,2021-03-19 11:30:15
44023,15,15,8,3,3,2,not,2021-03-19 11:35:50
44023,15,15,6,3,3,3,not,2021-03-19 11:37:24
44023,15,15,9,3,3,4,not,2021-03-19 11:39:14
44023,15,0,12,3,3,5,not,2021-03-19 11:41:16
44023,15,15,9,3,3,6,not,2021-03-19 11:43:32
44023,15,0,10.5,3,3,7,not,2021-03-19 11:45:12
44023,15,0,8,3,3,8,not,2021-03-19 11:47:13
44023,15,15,5,3,3,9,not,2021-03-19 11:49:41
44023,15,0,6,3,3,10,not,2021-03-19 11:51:11
44023,15,15,3,3,3,11,not,2021-03-19 11:53:14
44023,15,15,6.5,3,3,12,not,2021-03-19 11:55:24
44023,15,0,8,3,3,13,not,2021-03-19 11:57:42
44023,15,0,6,3,3,14,not,2021-03-19 11:59:27
44023,6,6,2.5,3,3,15,not,2021-03-19 12:01:18
44023,10,10,6,3,3,16,not,2021-03-19 12:03:17
44023,14,14,7,3,3,17,not,2021-03-19 12:05:25
44023,15,0,10,3,3,18,not,2021-03-19 12:07:18
44023,14,0,8.5,3,3,19,not,2021-03-19 12:09:40
44023,12,0,6,3,3,20,not,2021-03-19 12:11:14
44948,10,NULL,NULL,NULL,4,1,assortatively,2021-03-19 11:32:00
44948,12,NULL,NULL,NULL,4,2,assortatively,2021-03-19 11:35:51
45146,10,NULL,NULL,NULL,6,1,not,2021-03-19 11:30:12
45146,5,5,10,3,4,2,not,2021-03-19 11:35:15
45146,7,7,12.5,3,4,3,not,2021-03-19 11:37:23
45146,9,0,17.5,3,4,4,not,2021-03-19 11:39:23
45146,7,7,5,3,4,5,not,2021-03-19 11:41:18
45146,8,8,10,3,4,6,not,2021-03-19 11:43:23
45146,9,9,10,3,4,7,not,2021-03-19 11:45:22
45146,9,0,10,3,4,8,not,2021-03-19 11:47:33
45146,9,9,2.5,3,4,9,not,2021-03-19 11:49:31
45146,10,10,9.5,3,4,10,not,2021-03-19 11:51:24
45146,6,6,10,3,4,11,not,2021-03-19 11:53:13
45146,15,0,10,3,4,12,not,2021-03-19 11:55:52
45146,8,8,4.5,3,4,13,not,2021-03-19 11:57:39
45146,9,0,9.5,3,4,14,not,2021-03-19 11:59:20
45146,9,0,2.5,3,4,15,not,2021-03-19 12:01:26
45146,9,9,2.5,3,4,16,not,2021-03-19 12:03:38
45146,15,0,9,3,4,17,not,2021-03-19 12:05:10
45146,12,0,4.5,3,4,18,not,2021-03-19 12:07:16
45146,20,20,2.5,3,4,19,not,2021-03-19 12:09:20
45146,13,0,20,3,4,20,not,2021-03-19 12:11:20
45448,8,NULL,NULL,NULL,0,1,assortatively,2021-03-19 11:30:43
45448,5,5,8.5,3,3,2,assortatively,2021-03-19 11:35:17
45448,10,0,5.5,3,1,3,assortatively,2021-03-19 11:37:27
45448,3,3,8,3,4,4,assortatively,2021-03-19 11:40:14
45448,5,0,13,3,0,5,assortatively,2021-03-19 11:41:30
45448,6,6,6,3,1,6,assortatively,2021-03-19 11:43:19
45448,7,7,5,3,0,7,assortatively,2021-03-19 11:45:37
45448,6,6,8.5,3,1,8,assortatively,2021-03-19 11:47:19
45448,9,9,5,3,1,9,assortatively,2021-03-19 11:49:17
45448,6,6,9,3,2,10,assortatively,2021-03-19 11:51:46
45448,7,7,6,3,1,11,assortatively,2021-03-19 11:53:26
45448,5,0,6,3,2,12,assortatively,2021-03-19 11:55:21
45448,5,5,5,3,0,13,assortatively,2021-03-19 11:58:08
45448,10,0,6,3,0,14,assortatively,2021-03-19 11:59:24
45448,6,0,12,3,4,15,assortatively,2021-03-19 12:01:13
45448,7,7,6,3,1,16,assortatively,2021-03-19 12:03:45
45448,8,8,7.5,3,2,17,assortatively,2021-03-19 12:05:39
45448,6,0,8,3,1,18,assortatively,2021-03-19 12:07:44
45448,6,6,2,3,1,19,assortatively,2021-03-19 12:09:16
45448,8,8,7.5,3,1,20,assortatively,2021-03-19 12:11:30
45856,5,NULL,NULL,NULL,6,1,randomly,2021-03-19 11:30:16
45856,8,8,10.5,3,1,2,randomly,2021-03-19 11:35:22
45856,11,11,8.5,3,3,3,randomly,2021-03-19 11:37:23
45856,10,0,11,3,4,4,randomly,2021-03-19 11:39:28
45856,12,0,12,3,2,5,randomly,2021-03-19 11:41:22
45856,9,9,6.5,3,1,6,randomly,2021-03-19 11:43:19
45856,12,0,21.5,3,1,7,randomly,2021-03-19 11:45:19
45856,18,0,14,3,3,8,randomly,2021-03-19 11:47:21
45856,12,12,12,3,4,9,randomly,2021-03-19 11:49:16
45856,15,0,7.5,3,0,10,randomly,2021-03-19 11:51:14
45856,12,0,11,3,2,11,randomly,2021-03-19 11:53:22
45856,13,0,11,3,4,12,randomly,2021-03-19 11:55:21
45856,8,8,11.5,3,4,13,randomly,2021-03-19 11:57:17
45856,9,0,19.5,3,0,14,randomly,2021-03-19 11:59:18
45856,18,0,12.5,3,1,15,randomly,2021-03-19 12:01:16
45856,14,14,11,3,1,16,randomly,2021-03-19 12:03:21
45856,13,13,6.5,3,3,17,randomly,2021-03-19 12:05:36
45856,13,0,11.5,3,1,18,randomly,2021-03-19 12:07:19
45856,12,0,-1,1,6,19,randomly,2021-03-19 12:09:19
45856,14,0,10,3,3,20,randomly,2021-03-19 12:11:16
45895,12,NULL,NULL,NULL,0,1,randomly,2021-03-19 11:30:06
45895,11,11,15,3,3,2,randomly,2021-03-19 11:35:30
45895,11,0,16,3,4,3,randomly,2021-03-19 11:37:10
45895,11,11,11.5,3,0,4,randomly,2021-03-19 11:39:09
45895,11,0,18,3,3,5,randomly,2021-03-19 11:41:13
45895,11,0,19,3,0,6,randomly,2021-03-19 11:43:09
45895,11,11,16,3,0,7,randomly,2021-03-19 11:45:11
45895,11,11,11.5,3,0,8,randomly,2021-03-19 11:47:10
45895,11,0,17.5,3,2,9,randomly,2021-03-19 11:49:16
45895,11,0,13.5,3,5,10,randomly,2021-03-19 11:51:12
45895,11,11,7,3,4,11,randomly,2021-03-19 11:53:09
45895,11,0,9,3,0,12,randomly,2021-03-19 11:55:10
45895,11,11,13.5,3,2,13,randomly,2021-03-19 11:57:12
45895,11,0,11,3,5,14,randomly,2021-03-19 11:59:14
45895,11,11,16,3,3,15,randomly,2021-03-19 12:01:09
45895,11,0,13,3,0,16,randomly,2021-03-19 12:03:10
45895,11,0,10,3,2,17,randomly,2021-03-19 12:05:08
45895,11,0,8.5,3,0,18,randomly,2021-03-19 12:07:10
45895,11,0,17.5,3,1,19,randomly,2021-03-19 12:09:14
45895,11,11,6,3,5,20,randomly,2021-03-19 12:11:10
47003,3,NULL,NULL,NULL,0,1,randomly,2021-03-19 11:31:03
47003,4,0,14,3,2,2,randomly,2021-03-19 11:35:28
47003,2,0,20.5,3,4,3,randomly,2021-03-19 11:37:50
47003,3,3,-1,1,6,4,randomly,2021-03-19 11:39:49
47003,5,0,15.5,3,2,5,randomly,2021-03-19 11:41:31
47003,5,5,8.5,3,1,6,randomly,2021-03-19 11:43:29
47003,10,0,11.5,3,2,7,randomly,2021-03-19 11:45:38
47003,10,0,7.5,3,4,8,randomly,2021-03-19 11:47:37
47003,7,7,14.5,3,4,9,randomly,2021-03-19 11:49:44
47003,15,0,11.5,3,5,10,randomly,2021-03-19 11:51:25
47003,12,12,14,3,5,11,randomly,2021-03-19 11:53:21
47003,8,0,10.5,3,0,12,randomly,2021-03-19 11:55:25
47003,15,0,16,3,5,13,randomly,2021-03-19 11:57:21
47003,20,0,10.5,3,2,14,randomly,2021-03-19 11:59:18
47003,20,0,6.5,3,4,15,randomly,2021-03-19 12:01:20
47003,8,0,16,3,2,16,randomly,2021-03-19 12:03:22
47003,12,12,6,3,5,17,randomly,2021-03-19 12:05:19
47003,8,0,10,3,0,18,randomly,2021-03-19 12:07:30
47003,12,12,11,3,5,19,randomly,2021-03-19 12:09:18
47003,20,0,10.5,3,2,20,randomly,2021-03-19 12:11:29
47463,10,NULL,NULL,NULL,6,1,not,2021-03-19 11:31:38
47463,10,10,7.5,3,4,2,not,2021-03-19 11:35:16
47463,15,15,8.5,3,4,3,not,2021-03-19 11:37:39
47463,20,0,12,3,4,4,not,2021-03-19 11:39:37
47463,10,10,3.5,3,4,5,not,2021-03-19 11:41:23
47463,10,10,9,3,4,6,not,2021-03-19 11:43:18
47463,10,10,9.5,3,4,7,not,2021-03-19 11:45:33
47463,10,0,9.5,3,4,8,not,2021-03-19 11:47:15
47463,5,5,4.5,3,4,9,not,2021-03-19 11:49:16
47463,10,10,9.5,3,4,10,not,2021-03-19 11:51:22
47463,10,10,8,3,4,11,not,2021-03-19 11:53:18
47463,10,0,12.5,3,4,12,not,2021-03-19 11:55:22
47463,9,9,4,3,4,13,not,2021-03-19 11:57:25
47463,10,0,9,3,4,14,not,2021-03-19 11:59:28
47463,5,0,4.5,3,4,15,not,2021-03-19 12:01:50
47463,5,5,4.5,3,4,16,not,2021-03-19 12:03:23
47463,9,0,12,3,4,17,not,2021-03-19 12:05:19
47463,9,0,6,3,4,18,not,2021-03-19 12:07:22
47463,5,5,10,3,4,19,not,2021-03-19 12:09:17
47463,20,0,16.5,3,4,20,not,2021-03-19 12:11:22
50986,8,NULL,NULL,NULL,3,1,randomly,2021-03-19 11:34:00
50986,6,6,15,3,4,2,randomly,2021-03-19 11:35:51
50986,15,15,16.5,3,0,3,randomly,2021-03-19 11:38:02
50986,20,0,22.5,3,3,4,randomly,2021-03-19 11:39:24
50986,25,25,12,3,5,5,randomly,2021-03-19 11:41:58
50986,20,0,14.5,3,0,6,randomly,2021-03-19 11:43:40
50986,15,0,16,3,3,7,randomly,2021-03-19 11:45:39
50986,10,0,7.5,3,4,8,randomly,2021-03-19 11:48:18
50986,10,0,19.5,3,3,9,randomly,2021-03-19 11:49:34
50986,10,0,12,3,3,10,randomly,2021-03-19 11:51:29
50986,8,8,8.5,3,4,11,randomly,2021-03-19 11:53:28
50986,6,0,12.5,3,2,12,randomly,2021-03-19 11:55:25
50986,7,7,13.5,3,1,13,randomly,2021-03-19 11:57:23
50986,15,0,7.5,3,3,14,randomly,2021-03-19 11:59:22
50986,10,10,-1,1,6,15,randomly,2021-03-19 12:01:28
50986,13,0,12,3,5,16,randomly,2021-03-19 12:03:30
50986,10,0,8.5,3,4,17,randomly,2021-03-19 12:05:12
50986,5,5,5.5,3,5,18,randomly,2021-03-19 12:08:57
50986,7,0,9.5,3,3,19,randomly,2021-03-19 12:09:27
50986,6,6,8.5,3,5,20,randomly,2021-03-19 12:12:04
51068,10,NULL,NULL,NULL,4,1,not,2021-03-19 11:30:34
51068,10,10,7.5,3,4,2,not,2021-03-19 11:35:13
51068,10,10,11,3,4,3,not,2021-03-19 11:37:20
51068,15,0,14.5,3,4,4,not,2021-03-19 11:39:18
51068,0,0,8.5,3,4,5,not,2021-03-19 11:41:28
51068,10,10,9,3,4,6,not,2021-03-19 11:43:18
51068,10,10,9.5,3,4,7,not,2021-03-19 11:45:13
51068,10,0,9.5,3,4,8,not,2021-03-19 11:47:14
51068,0,0,7,3,4,9,not,2021-03-19 11:49:14
51068,9,9,10,3,4,10,not,2021-03-19 11:51:18
51068,10,10,8,3,4,11,not,2021-03-19 11:53:15
51068,10,0,12.5,3,4,12,not,2021-03-19 11:55:16
51068,0,0,8.5,3,4,13,not,2021-03-19 11:57:16
51068,9,0,9.5,3,4,14,not,2021-03-19 11:59:15
51068,0,0,7,3,4,15,not,2021-03-19 12:01:14
51068,0,0,7,3,4,16,not,2021-03-19 12:03:17
51068,9,0,12,3,4,17,not,2021-03-19 12:05:16
51068,0,0,10.5,3,4,18,not,2021-03-19 12:07:14
51068,0,0,12.5,3,4,19,not,2021-03-19 12:09:11
51068,20,0,16.5,3,4,20,not,2021-03-19 12:11:11
51489,10,NULL,NULL,NULL,1,1,not,2021-03-19 11:30:29
51489,10,10,7,3,5,2,not,2021-03-19 11:35:21
51489,8,0,20,3,5,3,not,2021-03-19 11:37:38
51489,13,0,17.5,3,5,4,not,2021-03-19 11:39:40
51489,14,14,11,3,5,5,not,2021-03-19 11:41:24
51489,11,0,18.5,3,5,6,not,2021-03-19 11:43:49
51489,12,0,13.5,3,5,7,not,2021-03-19 11:45:26
51489,10,0,11,3,5,8,not,2021-03-19 11:47:25
51489,28,0,8,3,5,9,not,2021-03-19 11:49:45
51489,20,0,9,3,5,10,not,2021-03-19 11:51:28
51489,18,18,8,3,5,11,not,2021-03-19 11:53:23
51489,23,0,12.5,3,5,12,not,2021-03-19 11:55:38
51489,21,0,11,3,5,13,not,2021-03-19 11:57:29
51489,30,0,10.5,3,5,14,not,2021-03-19 11:59:38
51489,30,0,10,3,5,15,not,2021-03-19 12:01:23
51489,25,0,10,3,5,16,not,2021-03-19 12:03:25
51489,21,21,11,3,5,17,not,2021-03-19 12:05:22
51489,25,0,12.5,3,5,18,not,2021-03-19 12:07:21
51489,30,0,12.5,3,5,19,not,2021-03-19 12:09:21
51489,26,26,12.5,3,5,20,not,2021-03-19 12:11:25
51534,10,NULL,NULL,NULL,4,1,assortatively,2021-03-19 11:30:31
51534,9,9,10,3,5,2,assortatively,2021-03-19 11:35:25
51534,7,7,8.5,3,3,3,assortatively,2021-03-19 11:37:55
51534,20,0,11,3,2,4,assortatively,2021-03-19 11:39:44
51534,8,8,-1,1,7,5,assortatively,2021-03-19 11:41:56
51534,10,10,9,3,3,6,assortatively,2021-03-19 11:43:43
51534,11,11,8.5,3,3,7,assortatively,2021-03-19 11:45:24
51534,13,0,8,3,5,8,assortatively,2021-03-19 11:47:28
51534,12,0,12.5,3,5,9,assortatively,2021-03-19 11:49:29
51534,9,0,14,3,5,10,assortatively,2021-03-19 11:51:29
51534,5,5,8,3,3,11,assortatively,2021-03-19 11:53:33
51534,6,6,9.5,3,1,12,assortatively,2021-03-19 11:55:26
51534,7,7,12.5,3,1,13,assortatively,2021-03-19 11:57:25
51534,4,4,9,3,2,14,assortatively,2021-03-19 11:59:24
51534,5,0,12.5,3,0,15,assortatively,2021-03-19 12:01:35
51534,4,4,7.5,3,1,16,assortatively,2021-03-19 12:03:19
51534,5,5,7.5,3,1,17,assortatively,2021-03-19 12:05:16
51534,6,0,8,3,1,18,assortatively,2021-03-19 12:07:23
51534,4,4,3,3,1,19,assortatively,2021-03-19 12:09:30
51534,3,3,17.5,3,0,20,assortatively,2021-03-19 12:11:28
51698,8,NULL,NULL,NULL,6,1,randomly,2021-03-19 11:30:22
51698,10,0,10,3,0,2,randomly,2021-03-19 11:35:27
51698,22,0,-1,1,6,3,randomly,2021-03-19 11:37:28
51698,22,0,16,3,1,4,randomly,2021-03-19 11:39:23
51698,19,0,8.5,3,2,5,randomly,2021-03-19 11:41:29
51698,18,0,15.5,3,0,6,randomly,2021-03-19 11:43:28
51698,17,17,13,3,0,7,randomly,2021-03-19 11:45:23
51698,17,0,11.5,3,5,8,randomly,2021-03-19 11:47:26
51698,19,19,15,3,1,9,randomly,2021-03-19 11:49:28
51698,18,0,15,3,1,10,randomly,2021-03-19 11:51:17
51698,15,15,6.5,3,0,11,randomly,2021-03-19 11:53:24
51698,17,0,7,3,2,12,randomly,2021-03-19 11:55:24
51698,17,17,10.5,3,2,13,randomly,2021-03-19 11:57:22
51698,19,0,14.5,3,0,14,randomly,2021-03-19 11:59:22
51698,17,0,11,3,5,15,randomly,2021-03-19 12:01:19
51698,13,0,12,3,0,16,randomly,2021-03-19 12:03:20
51698,15,0,8,3,2,17,randomly,2021-03-19 12:05:17
51698,22,22,5,3,2,18,randomly,2021-03-19 12:07:23
51698,21,0,9.5,3,4,19,randomly,2021-03-19 12:09:25
51698,14,0,8,3,4,20,randomly,2021-03-19 12:11:21
51703,10,NULL,NULL,NULL,0,1,not,2021-03-19 11:30:58
51703,8,8,8,3,5,2,not,2021-03-19 11:35:45
51703,30,0,9,3,5,3,not,2021-03-19 11:38:19
51703,25,0,11.5,3,5,4,not,2021-03-19 11:39:18
51703,10,10,13,3,5,5,not,2021-03-19 11:41:33
51703,25,0,11.5,3,5,6,not,2021-03-19 11:43:34
51703,15,0,12,3,5,7,not,2021-03-19 11:45:47
51703,10,0,11,3,5,8,not,2021-03-19 11:47:48
51703,8,0,18,3,5,9,not,2021-03-19 11:49:35
51703,10,0,14,3,5,10,not,2021-03-19 11:51:35
51703,8,8,13,3,5,11,not,2021-03-19 11:53:27
51703,15,0,16.5,3,5,12,not,2021-03-19 11:55:30
51703,12,0,15.5,3,5,13,not,2021-03-19 11:57:31
51703,11,0,20,3,5,14,not,2021-03-19 11:59:19
51703,10,0,20,3,5,15,not,2021-03-19 12:01:26
51703,10,0,17.5,3,5,16,not,2021-03-19 12:03:21
51703,12,12,15.5,3,5,17,not,2021-03-19 12:05:34
51703,15,0,17.5,3,5,18,not,2021-03-19 12:07:34
51703,15,0,20,3,5,19,not,2021-03-19 12:09:37
51703,15,15,18,3,5,20,not,2021-03-19 12:11:22
51724,30,NULL,NULL,NULL,0,1,randomly,2021-03-19 11:30:44
51724,30,0,-1,1,6,2,randomly,2021-03-19 11:35:35
51724,30,0,10,3,1,3,randomly,2021-03-19 11:37:52
51724,25,0,20,3,3,4,randomly,2021-03-19 11:39:48
51724,30,0,8.5,3,3,5,randomly,2021-03-19 11:41:36
51724,15,0,18.5,3,4,6,randomly,2021-03-19 11:43:34
51724,18,0,9,3,5,7,randomly,2021-03-19 11:45:36
51724,18,18,8,3,0,8,randomly,2021-03-19 11:47:13
51724,18,0,17.5,3,0,9,randomly,2021-03-19 11:49:32
51724,12,0,13,3,5,10,randomly,2021-03-19 11:51:34
51724,10,0,23.5,3,1,11,randomly,2021-03-19 11:53:18
51724,12,0,11.5,3,4,12,randomly,2021-03-19 11:55:22
51724,10,10,14,3,2,13,randomly,2021-03-19 11:57:33
51724,10,0,9,3,1,14,randomly,2021-03-19 11:59:11
51724,10,0,16.5,3,1,15,randomly,2021-03-19 12:01:15
51724,10,10,13,3,1,16,randomly,2021-03-19 12:03:24
51724,10,0,13.5,3,0,17,randomly,2021-03-19 12:05:10
51724,12,0,21.5,3,3,18,randomly,2021-03-19 12:07:43
51724,10,0,3,3,2,19,randomly,2021-03-19 12:09:13
51724,10,0,29,3,0,20,randomly,2021-03-19 12:11:22
51914,7,NULL,NULL,NULL,0,1,not,2021-03-19 11:31:09
51914,6,6,9,3,5,2,not,2021-03-19 11:35:20
51914,10,0,19,3,5,3,not,2021-03-19 11:38:27
51914,10,0,19,3,5,4,not,2021-03-19 11:39:21
51914,12,12,12,3,5,5,not,2021-03-19 11:41:37
51914,12,0,18,3,5,6,not,2021-03-19 11:44:08
51914,12,0,13.5,3,5,7,not,2021-03-19 11:45:21
51914,12,0,10,3,5,8,not,2021-03-19 11:47:31
51914,8,0,18,3,5,9,not,2021-03-19 11:49:22
51914,8,0,15,3,5,10,not,2021-03-19 11:51:33
51914,8,8,13,3,5,11,not,2021-03-19 11:53:30
51914,10,0,19,3,5,12,not,2021-03-19 11:55:32
51914,10,0,16.5,3,5,13,not,2021-03-19 11:57:20
51914,10,0,20.5,3,5,14,not,2021-03-19 11:59:22
51914,10,0,20,3,5,15,not,2021-03-19 12:01:16
51914,10,0,17.5,3,5,16,not,2021-03-19 12:03:21
51914,10,10,16.5,3,5,17,not,2021-03-19 12:05:48
51914,10,0,20,3,5,18,not,2021-03-19 12:07:39
51914,10,0,22.5,3,5,19,not,2021-03-19 12:09:32
51914,10,10,20.5,3,5,20,not,2021-03-19 12:11:20
53811,5,NULL,NULL,NULL,5,1,assortatively,2021-03-19 11:31:37
53811,2,0,5,3,2,2,assortatively,2021-03-19 11:35:38
53811,4,4,4.5,3,0,3,assortatively,2021-03-19 11:37:50
53811,7,7,4,3,0,4,assortatively,2021-03-19 11:39:28
53811,5,5,6.5,3,2,5,assortatively,2021-03-19 11:41:26
53811,6,6,6,3,1,6,assortatively,2021-03-19 11:43:21
53811,6,6,7.5,3,2,7,assortatively,2021-03-19 11:45:17
53811,9,9,7,3,1,8,assortatively,2021-03-19 11:47:21
53811,8,8,10,3,3,9,assortatively,2021-03-19 11:49:49
53811,10,0,8.5,3,1,10,assortatively,2021-03-19 11:51:28
53811,7,7,7,3,3,11,assortatively,2021-03-19 11:53:25
53811,9,9,8,3,1,12,assortatively,2021-03-19 11:55:17
53811,6,0,10,3,3,13,assortatively,2021-03-19 11:57:28
53811,10,0,9,3,1,14,assortatively,2021-03-19 11:59:20
53811,13,0,8.5,3,4,15,assortatively,2021-03-19 12:01:30
53811,11,11,10.5,3,4,16,assortatively,2021-03-19 12:03:22
53811,12,0,10,3,4,17,assortatively,2021-03-19 12:05:30
53811,10,0,11.5,3,4,18,assortatively,2021-03-19 12:07:21
53811,11,0,13.5,3,4,19,assortatively,2021-03-19 12:09:20
53811,7,0,10,3,4,20,assortatively,2021-03-19 12:11:28
54668,5,NULL,NULL,NULL,5,1,assortatively,2021-03-19 11:31:57
54668,5,5,6,2,1,2,assortatively,2021-03-19 11:35:20
54668,7,7,3,3,0,3,assortatively,2021-03-19 11:37:23
54668,10,0,16,3,2,4,assortatively,2021-03-19 11:39:46
54668,7,0,9.5,3,3,5,assortatively,2021-03-19 11:41:31
54668,2,0,5.5,3,2,6,assortatively,2021-03-19 11:43:22
54668,3,3,7,3,0,7,assortatively,2021-03-19 11:45:36
54668,3,3,10,3,0,8,assortatively,2021-03-19 11:47:20
54668,7,7,2.5,3,0,9,assortatively,2021-03-19 11:49:23
54668,7,0,10,3,1,10,assortatively,2021-03-19 11:51:16
54668,7,0,9,3,2,11,assortatively,2021-03-19 11:53:35
54668,5,0,6,3,2,12,assortatively,2021-03-19 11:55:16
54668,5,5,13.5,3,1,13,assortatively,2021-03-19 11:57:15
54668,5,0,11.5,3,1,14,assortatively,2021-03-19 11:59:19
54668,5,0,12.5,3,0,15,assortatively,2021-03-19 12:01:13
54668,1,1,4,3,0,16,assortatively,2021-03-19 12:03:14
54668,0,0,14.5,3,0,17,assortatively,2021-03-19 12:05:22
54668,5,0,6.5,3,0,18,assortatively,2021-03-19 12:07:18
54668,5,5,14.5,3,0,19,assortatively,2021-03-19 12:09:25
54668,5,5,9,3,1,20,assortatively,2021-03-19 12:11:15
55210,15,NULL,NULL,NULL,6,1,assortatively,2021-03-19 11:30:14
55210,10,0,17.5,3,7,2,assortatively,2021-03-19 11:35:15
55210,5,5,9.5,3,3,3,assortatively,2021-03-19 11:37:29
55210,9,9,3,3,1,4,assortatively,2021-03-19 11:39:20
55210,7,7,5.5,3,2,5,assortatively,2021-03-19 11:41:11
55210,8,0,2.5,3,2,6,assortatively,2021-03-19 11:43:10
55210,6,6,7.5,3,2,7,assortatively,2021-03-19 11:45:24
55210,14,14,4.5,3,0,8,assortatively,2021-03-19 11:47:19
55210,10,0,13.5,3,5,9,assortatively,2021-03-19 11:49:12
55210,6,6,6.5,3,3,10,assortatively,2021-03-19 11:51:19
55210,7,7,6,3,1,11,assortatively,2021-03-19 11:53:29
55210,10,10,7.5,3,1,12,assortatively,2021-03-19 11:55:21
55210,10,10,9.5,3,4,13,assortatively,2021-03-19 11:57:16
55210,10,0,10,3,4,14,assortatively,2021-03-19 11:59:16
55210,10,10,15,3,3,15,assortatively,2021-03-19 12:01:15
55210,6,6,10.5,3,3,16,assortatively,2021-03-19 12:03:15
55210,7,7,8,3,2,17,assortatively,2021-03-19 12:05:13
55210,10,0,6,3,1,18,assortatively,2021-03-19 12:07:18
55210,7,0,15.5,3,4,19,assortatively,2021-03-19 12:09:18
55210,10,0,9,3,2,20,assortatively,2021-03-19 12:11:14
56990,8,NULL,NULL,NULL,1,1,randomly,2021-03-19 11:30:59
56990,30,0,17.5,3,5,2,randomly,2021-03-19 11:35:30
56990,30,0,12,3,2,3,randomly,2021-03-19 11:37:34
56990,5,0,20.5,3,5,4,randomly,2021-03-19 11:39:57
56990,30,0,17,3,1,5,randomly,2021-03-19 11:41:22
56990,5,5,7,3,3,6,randomly,2021-03-19 11:43:16
56990,8,0,14,3,5,7,randomly,2021-03-19 11:45:27
56990,5,5,14.5,3,0,8,randomly,2021-03-19 11:47:28
56990,20,0,16.5,3,0,9,randomly,2021-03-19 11:49:32
56990,15,0,16.5,3,1,10,randomly,2021-03-19 11:51:36
56990,8,8,10,3,0,11,randomly,2021-03-19 11:53:13
56990,10,0,9.5,3,0,12,randomly,2021-03-19 11:55:10
56990,8,8,11.5,3,4,13,randomly,2021-03-19 11:57:11
56990,10,0,11.5,3,5,14,randomly,2021-03-19 11:59:28
56990,7,0,13,3,4,15,randomly,2021-03-19 12:01:16
56990,10,10,5,3,4,16,randomly,2021-03-19 12:03:39
56990,7,7,8.5,3,5,17,randomly,2021-03-19 12:05:32
56990,8,0,8.5,3,4,18,randomly,2021-03-19 12:07:26
56990,7,0,9.5,3,3,19,randomly,2021-03-19 12:09:22
56990,6,6,8.5,3,5,20,randomly,2021-03-19 12:11:15
59163,6,NULL,NULL,NULL,3,1,assortatively,2021-03-19 11:30:25
59163,7,7,7.5,3,3,2,assortatively,2021-03-19 11:35:25
59163,7,0,5.5,3,2,3,assortatively,2021-03-19 11:37:35
59163,2,2,6.5,3,1,4,assortatively,2021-03-19 11:39:45
59163,6,0,12.5,3,0,5,assortatively,2021-03-19 11:41:27
59163,3,0,5,3,2,6,assortatively,2021-03-19 11:43:39
59163,7,7,5,3,0,7,assortatively,2021-03-19 11:45:16
59163,9,9,9,3,2,8,assortatively,2021-03-19 11:47:31
59163,10,10,9,3,3,9,assortatively,2021-03-19 11:49:28
59163,5,5,7,3,3,10,assortatively,2021-03-19 11:51:23
59163,1,1,7.5,3,0,11,assortatively,2021-03-19 11:53:28
59163,3,0,5.5,3,0,12,assortatively,2021-03-19 11:55:55
59163,5,5,5,3,0,13,assortatively,2021-03-19 11:57:48
59163,13,0,7.5,3,1,14,assortatively,2021-03-19 11:59:39
59163,1,1,11.5,3,5,15,assortatively,2021-03-19 12:01:36
59163,3,3,3,3,0,16,assortatively,2021-03-19 12:03:26
59163,9,0,10,3,0,17,assortatively,2021-03-19 12:05:20
59163,1,1,8,3,2,18,assortatively,2021-03-19 12:07:21
59163,9,9,12.5,3,0,19,assortatively,2021-03-19 12:09:15
59163,9,0,9.5,3,3,20,assortatively,2021-03-19 12:11:33
60599,30,NULL,NULL,NULL,3,1,not,2021-03-19 11:30:22
60599,30,0,27.5,3,6,2,not,2021-03-19 11:35:24
60599,20,20,10,3,6,3,not,2021-03-19 11:37:29
60599,20,0,15,3,6,4,not,2021-03-19 11:39:30
60599,30,0,17.5,3,6,5,not,2021-03-19 11:41:25
60599,15,0,16,3,6,6,not,2021-03-19 11:43:19
60599,15,15,6.5,3,6,7,not,2021-03-19 11:45:19
60599,15,15,8,3,6,8,not,2021-03-19 11:47:39
60599,15,0,12.5,3,6,9,not,2021-03-19 11:49:16
60599,12,12,10,3,6,10,not,2021-03-19 11:51:20
60599,13,0,12,3,6,11,not,2021-03-19 11:53:38
60599,16,16,7.5,3,6,12,not,2021-03-19 11:55:47
60599,12,0,12,3,6,13,not,2021-03-19 11:57:19
60599,10,10,10,3,6,14,not,2021-03-19 11:59:21
60599,10,10,12.5,3,6,15,not,2021-03-19 12:01:23
60599,10,10,11.5,3,6,16,not,2021-03-19 12:03:33
60599,12,0,11.5,3,6,17,not,2021-03-19 12:05:20
60599,12,12,8.5,3,6,18,not,2021-03-19 12:07:33
60599,12,0,10,3,6,19,not,2021-03-19 12:09:28
60599,10,0,8,3,6,20,not,2021-03-19 12:11:11
65917,20,NULL,NULL,NULL,0,1,not,2021-03-19 11:30:28
65917,30,0,27.5,3,6,2,not,2021-03-19 11:35:54
65917,15,15,12.5,3,6,3,not,2021-03-19 11:37:34
65917,15,0,17.5,3,6,4,not,2021-03-19 11:39:41
65917,5,0,30,3,6,5,not,2021-03-19 11:41:39
65917,2,0,22.5,3,6,6,not,2021-03-19 11:43:22
65917,8,8,10,3,6,7,not,2021-03-19 11:45:34
65917,8,8,11.5,3,6,8,not,2021-03-19 11:47:25
65917,13,0,13.5,3,6,9,not,2021-03-19 11:49:35
65917,10,10,11,3,6,10,not,2021-03-19 11:51:20
65917,15,0,11,3,6,11,not,2021-03-19 11:53:40
65917,12,12,9.5,3,6,12,not,2021-03-19 11:55:27
65917,13,0,11.5,3,6,13,not,2021-03-19 11:57:21
65917,13,13,8.5,3,6,14,not,2021-03-19 11:59:29
65917,13,13,11,3,6,15,not,2021-03-19 12:01:24
65917,11,11,11,3,6,16,not,2021-03-19 12:03:20
65917,12,0,11.5,3,6,17,not,2021-03-19 12:05:25
65917,11,11,9,3,6,18,not,2021-03-19 12:07:20
65917,11,0,10.5,3,6,19,not,2021-03-19 12:09:38
65917,9,0,8.5,3,6,20,not,2021-03-19 12:11:31
66746,10,NULL,NULL,NULL,6,1,randomly,2021-03-19 11:31:10
66746,17,17,12,3,3,2,randomly,2021-03-19 11:35:31
66746,30,0,6.5,3,4,3,randomly,2021-03-19 11:37:58
66746,18,0,18,3,1,4,randomly,2021-03-19 11:40:09
66746,14,0,25,3,1,5,randomly,2021-03-19 11:41:43
66746,8,8,5.5,3,3,6,randomly,2021-03-19 11:43:16
66746,11,11,7,3,4,7,randomly,2021-03-19 11:45:26
66746,13,0,13.5,3,5,8,randomly,2021-03-19 11:47:33
66746,17,17,9.5,3,4,9,randomly,2021-03-19 11:50:58
66746,12,12,13,3,4,10,randomly,2021-03-19 11:51:30
66746,12,0,11,3,2,11,randomly,2021-03-19 11:54:17
66746,12,12,9.5,3,3,12,randomly,2021-03-19 11:55:55
66746,12,0,17.5,3,5,13,randomly,2021-03-19 11:57:45
66746,12,0,14.5,3,2,14,randomly,2021-03-19 11:59:59
66746,12,0,13.5,3,5,15,randomly,2021-03-19 12:01:35
66746,12,0,14,3,2,16,randomly,2021-03-19 12:03:19
66746,12,12,15,3,1,17,randomly,2021-03-19 12:05:40
66746,12,12,-1,1,6,18,randomly,2021-03-19 12:07:33
66746,12,0,7,3,3,19,randomly,2021-03-19 12:09:54
66746,12,0,14.5,3,2,20,randomly,2021-03-19 12:11:36
67047,10,NULL,NULL,NULL,5,1,not,2021-03-19 11:30:18
67047,25,0,30,3,6,2,not,2021-03-19 11:35:29
67047,5,5,17.5,3,6,3,not,2021-03-19 11:37:20
67047,15,0,17.5,3,6,4,not,2021-03-19 11:39:19
67047,30,0,17.5,3,6,5,not,2021-03-19 11:42:05
67047,30,0,8.5,3,6,6,not,2021-03-19 11:43:31
67047,5,5,11.5,3,6,7,not,2021-03-19 11:45:40
67047,8,8,11.5,3,6,8,not,2021-03-19 11:47:29
67047,12,0,14,3,6,9,not,2021-03-19 11:49:30
67047,10,10,11,3,6,10,not,2021-03-19 11:51:35
67047,9,0,14,3,6,11,not,2021-03-19 11:53:20
67047,3,3,14,3,6,12,not,2021-03-19 11:55:24
67047,11,0,12.5,3,6,13,not,2021-03-19 11:57:19
67047,7,7,11.5,3,6,14,not,2021-03-19 11:59:19
67047,12,12,11.5,3,6,15,not,2021-03-19 12:01:35
67047,12,12,10.5,3,6,16,not,2021-03-19 12:03:19
67047,11,0,12,3,6,17,not,2021-03-19 12:05:23
67047,6,6,11.5,3,6,18,not,2021-03-19 12:07:22
67047,9,0,11.5,3,6,19,not,2021-03-19 12:09:31
67047,7,0,9.5,3,6,20,not,2021-03-19 12:11:27
68254,4,NULL,NULL,NULL,4,1,not,2021-03-19 11:31:32
68254,10,0,16.5,3,7,2,not,2021-03-19 11:36:56
68254,5,5,5,2,7,3,not,2021-03-19 11:37:57
68254,6,6,10,2,7,4,not,2021-03-19 11:39:38
68254,8,0,25,2,7,5,not,2021-03-19 11:41:44
68254,10,0,20,2,7,6,not,2021-03-19 11:43:43
68254,12,0,15,2,7,7,not,2021-03-19 11:46:12
68254,12,12,5,2,7,8,not,2021-03-19 11:47:23
68254,12,0,15,2,7,9,not,2021-03-19 11:50:06
68254,12,12,15,2,7,10,not,2021-03-19 11:51:20
68254,13,0,15,2,7,11,not,2021-03-19 11:53:38
68254,13,13,10,2,7,12,not,2021-03-19 11:55:29
68254,14,14,20,2,7,13,not,2021-03-19 11:57:50
68254,15,15,10,2,7,14,not,2021-03-19 12:00:08
68254,15,0,15,2,7,15,not,2021-03-19 12:01:39
68254,10,0,15,2,7,16,not,2021-03-19 12:03:42
68254,10,10,15,2,7,17,not,2021-03-19 12:05:18
68254,10,0,17,2,7,18,not,2021-03-19 12:07:33
68254,10,0,14,2,7,19,not,2021-03-19 12:09:30
68254,10,10,15,2,7,20,not,2021-03-19 12:11:19
70587,10,NULL,NULL,NULL,1,1,not,2021-03-19 11:32:11
70587,8,NULL,NULL,NULL,7,2,not,2021-03-19 11:35:17
71061,6,NULL,NULL,NULL,0,1,assortatively,2021-03-19 11:30:44
71061,4,0,4,3,2,2,assortatively,2021-03-19 11:36:09
71061,2,2,5.5,3,0,3,assortatively,2021-03-19 11:38:10
71061,5,5,5,3,0,4,assortatively,2021-03-19 11:39:44
71061,5,5,4,3,1,5,assortatively,2021-03-19 11:41:27
71061,10,0,13,3,0,6,assortatively,2021-03-19 11:43:32
71061,8,8,10,3,3,7,assortatively,2021-03-19 11:45:59
71061,9,9,9,3,2,8,assortatively,2021-03-19 11:47:57
71061,12,0,8.5,3,2,9,assortatively,2021-03-19 11:50:09
71061,12,0,12.5,3,5,10,assortatively,2021-03-19 11:52:03
71061,12,12,18,3,5,11,assortatively,2021-03-19 11:53:50
71061,12,0,11,3,5,12,assortatively,2021-03-19 11:55:38
71061,11,0,17.5,3,5,13,assortatively,2021-03-19 11:57:40
71061,8,0,12.5,3,5,14,assortatively,2021-03-19 11:59:20
71061,9,0,6,3,2,15,assortatively,2021-03-19 12:01:28
71061,9,0,6.5,3,2,16,assortatively,2021-03-19 12:03:32
71061,14,14,9,3,3,17,assortatively,2021-03-19 12:06:16
71061,10,0,11,3,5,18,assortatively,2021-03-19 12:07:35
71061,19,0,8,3,3,19,assortatively,2021-03-19 12:09:21
71061,19,19,16.5,3,5,20,assortatively,2021-03-19 12:11:31
71098,20,NULL,NULL,NULL,1,1,assortatively,2021-03-19 11:30:37
71098,30,0,20,2,8,2,assortatively,2021-03-19 11:35:37
71098,10,0,-1,1,8,3,assortatively,2021-03-19 11:37:24
71098,1,1,10,3,3,4,assortatively,2021-03-19 11:39:33
71098,20,0,5.5,3,0,5,assortatively,2021-03-19 11:41:34
71098,15,0,16.5,3,6,6,assortatively,2021-03-19 11:43:32
71098,10,0,12.5,3,5,7,assortatively,2021-03-19 11:45:41
71098,2,0,14,3,4,8,assortatively,2021-03-19 11:47:18
71098,0,0,6,3,0,9,assortatively,2021-03-19 11:49:26
71098,5,5,5,3,0,10,assortatively,2021-03-19 11:51:43
71098,10,10,3,3,0,11,assortatively,2021-03-19 11:53:24
71098,20,20,9,3,3,12,assortatively,2021-03-19 11:55:25
71098,25,0,10.5,3,5,13,assortatively,2021-03-19 11:57:26
71098,10,10,25,2,6,14,assortatively,2021-03-19 11:59:15
71098,20,20,10,3,3,15,assortatively,2021-03-19 12:01:29
71098,10,0,11.5,3,5,16,assortatively,2021-03-19 12:03:26
71098,10,0,11,3,4,17,assortatively,2021-03-19 12:05:17
71098,5,0,9,3,3,18,assortatively,2021-03-19 12:07:28
71098,0,0,5,3,1,19,assortatively,2021-03-19 12:09:28
71098,20,20,9,3,0,20,assortatively,2021-03-19 12:11:17
71112,8,NULL,NULL,NULL,4,1,randomly,2021-03-19 11:30:17
71112,20,0,22.5,3,5,2,randomly,2021-03-19 11:35:36
71112,10,10,11.5,3,5,3,randomly,2021-03-19 11:37:30
71112,18,18,8,3,0,4,randomly,2021-03-19 11:39:21
71112,5,0,6,3,0,5,randomly,2021-03-19 11:41:35
71112,20,0,-1,1,6,6,randomly,2021-03-19 11:43:23
71112,17,0,8,3,2,7,randomly,2021-03-19 11:45:34
71112,25,25,10.5,3,1,8,randomly,2021-03-19 11:47:25
71112,26,0,10,3,2,9,randomly,2021-03-19 11:49:18
71112,25,0,15,3,2,10,randomly,2021-03-19 11:51:26
71112,20,0,9.5,3,3,11,randomly,2021-03-19 11:53:17
71112,8,0,11.5,3,2,12,randomly,2021-03-19 11:55:37
71112,4,4,4,3,3,13,randomly,2021-03-19 11:57:19
71112,5,0,12.5,3,3,14,randomly,2021-03-19 11:59:27
71112,4,0,8.5,3,2,15,randomly,2021-03-19 12:01:34
71112,15,0,11,3,5,16,randomly,2021-03-19 12:03:18
71112,5,0,-1,1,6,17,randomly,2021-03-19 12:05:27
71112,25,0,15,3,3,18,randomly,2021-03-19 12:07:41
71112,10,0,19.5,3,0,19,randomly,2021-03-19 12:09:21
71112,10,0,12,3,3,20,randomly,2021-03-19 12:11:28
71216,5,NULL,NULL,NULL,3,1,assortatively,2021-03-19 11:31:01
71538,30,NULL,NULL,NULL,1,1,not,2021-03-19 11:30:31
71538,25,0,9,3,7,2,not,2021-03-19 11:36:18
71538,5,5,5,2,7,3,not,2021-03-19 11:37:42
71538,10,10,6,2,7,4,not,2021-03-19 11:39:28
71538,25,0,8,2,7,5,not,2021-03-19 11:41:35
71538,20,0,10,2,7,6,not,2021-03-19 11:43:24
71538,15,0,12,2,7,7,not,2021-03-19 11:45:40
71538,5,5,12,2,7,8,not,2021-03-19 11:47:22
71538,15,0,12,2,7,9,not,2021-03-19 11:49:32
71538,15,15,12,2,7,10,not,2021-03-19 11:51:27
71538,15,0,13,2,7,11,not,2021-03-19 11:53:25
71538,10,10,13,2,7,12,not,2021-03-19 11:55:38
71538,20,20,14,2,7,13,not,2021-03-19 11:57:45
71538,10,10,15,2,7,14,not,2021-03-19 11:59:19
71538,15,0,15,2,7,15,not,2021-03-19 12:01:37
71538,15,0,10,2,7,16,not,2021-03-19 12:03:29
71538,15,15,10,2,7,17,not,2021-03-19 12:05:35
71538,17,0,10,2,7,18,not,2021-03-19 12:07:27
71538,14,0,10,2,7,19,not,2021-03-19 12:09:23
71538,15,15,10,2,7,20,not,2021-03-19 12:11:29
73765,5,NULL,NULL,NULL,0,1,assortatively,2021-03-19 11:30:38
73765,6,6,5,2,1,2,assortatively,2021-03-19 11:35:12
73765,7,0,7,3,1,3,assortatively,2021-03-19 11:38:19
73765,12,0,15,3,2,4,assortatively,2021-03-19 11:39:19
73765,16,16,10,3,4,5,assortatively,2021-03-19 11:41:16
73765,18,0,15,3,6,6,assortatively,2021-03-19 11:43:31
73765,20,0,15.5,3,6,7,assortatively,2021-03-19 11:46:00
73765,14,NULL,NULL,NULL,6,8,assortatively,2021-03-19 11:47:27
76810,3,NULL,NULL,NULL,4,1,assortatively,2021-03-19 11:30:50
76810,10,0,8,3,0,2,assortatively,2021-03-19 11:35:31
76810,8,8,11,3,4,3,assortatively,2021-03-19 11:38:01
76810,10,10,5.5,3,3,4,assortatively,2021-03-19 11:39:46
76810,12,12,12,3,4,5,assortatively,2021-03-19 11:41:29
76810,12,0,12.5,3,5,6,assortatively,2021-03-19 11:43:22
76810,8,8,11.5,3,4,7,assortatively,2021-03-19 11:45:32
76810,9,9,9,3,2,8,assortatively,2021-03-19 11:47:34
76810,9,0,10,3,2,9,assortatively,2021-03-19 11:49:28
76810,8,8,5.5,3,3,10,assortatively,2021-03-19 11:51:33
76810,8,0,8.5,3,2,11,assortatively,2021-03-19 11:53:30
76810,7,0,5,3,2,12,assortatively,2021-03-19 11:55:20
76810,7,7,7.5,3,2,13,assortatively,2021-03-19 11:57:39
76810,8,8,7,3,2,14,assortatively,2021-03-19 11:59:27
76810,8,8,12.5,3,1,15,assortatively,2021-03-19 12:01:23
76810,8,0,7,3,2,16,assortatively,2021-03-19 12:03:44
76810,8,8,12,3,3,17,assortatively,2021-03-19 12:05:25
76810,8,8,4.5,3,2,18,assortatively,2021-03-19 12:07:31
76810,8,0,8.5,3,2,19,assortatively,2021-03-19 12:09:22
76810,8,0,10,3,2,20,assortatively,2021-03-19 12:11:21
89959,20,NULL,NULL,NULL,4,1,not,2021-03-19 11:30:39
89959,0,0,8,3,8,2,not,2021-03-19 11:35:22
89959,15,0,6.5,3,8,3,not,2021-03-19 11:37:25
89959,3,3,5,3,8,4,not,2021-03-19 11:39:14
89959,11,0,5.5,3,8,5,not,2021-03-19 11:41:14
89959,9,0,6.5,3,8,6,not,2021-03-19 11:43:19
89959,5,0,9.5,3,8,7,not,2021-03-19 11:45:15
89959,1,1,4,3,8,8,not,2021-03-19 11:47:20
89959,3,0,4,3,8,9,not,2021-03-19 11:49:22
89959,10,10,3,3,8,10,not,2021-03-19 11:51:27
89959,3,3,7.5,3,8,11,not,2021-03-19 11:53:15
89959,20,0,7.5,3,8,12,not,2021-03-19 11:55:32
89959,6,6,7,3,8,13,not,2021-03-19 11:57:26
89959,15,0,8,3,8,14,not,2021-03-19 11:59:25
89959,20,20,7,3,8,15,not,2021-03-19 12:01:21
89959,1,0,7.5,3,8,16,not,2021-03-19 12:03:39
89959,5,5,7.5,3,8,17,not,2021-03-19 12:05:25
89959,12,12,7.5,3,8,18,not,2021-03-19 12:07:24
89959,1,0,8,3,8,19,not,2021-03-19 12:09:13
89959,0,0,9,3,8,20,not,2021-03-19 12:11:23
90281,16,NULL,NULL,NULL,4,1,randomly,2021-03-19 11:32:25
90281,10,10,13,3,4,2,randomly,2021-03-19 11:35:36
90281,10,0,20,3,1,3,randomly,2021-03-19 11:37:55
90281,5,5,14.5,3,0,4,randomly,2021-03-19 11:39:26
90281,7,7,13.5,3,4,5,randomly,2021-03-19 11:41:20
90281,8,8,7,3,1,6,randomly,2021-03-19 11:43:36
90281,9,9,8,3,4,7,randomly,2021-03-19 11:46:16
90281,10,0,18,3,3,8,randomly,2021-03-19 11:47:14
90281,9,0,18.5,3,2,9,randomly,2021-03-19 11:49:49
90281,20,20,9,3,4,10,randomly,2021-03-19 11:51:55
90281,30,0,13.5,3,1,11,randomly,2021-03-19 11:53:47
90281,20,0,-1,1,6,12,randomly,2021-03-19 11:55:28
90281,15,0,19.5,3,0,13,randomly,2021-03-19 11:57:22
90281,20,0,7.5,3,4,14,randomly,2021-03-19 11:59:21
90281,20,20,11.5,3,3,15,randomly,2021-03-19 12:01:15
90281,20,0,10,3,2,16,randomly,2021-03-19 12:03:48
90281,20,20,11,3,1,17,randomly,2021-03-19 12:05:26
90281,20,0,8,3,1,18,randomly,2021-03-19 12:07:39
90281,20,0,14.5,3,0,19,randomly,2021-03-19 12:09:23
90281,20,20,12.5,3,1,20,randomly,2021-03-19 12:11:17
92104,5,NULL,NULL,NULL,5,1,not,2021-03-19 11:32:44
92104,6,0,5,3,8,2,not,2021-03-19 11:35:34
92104,4,0,12,3,8,3,not,2021-03-19 11:37:30
92104,5,5,4,3,8,4,not,2021-03-19 11:39:28
92104,4,0,9,3,8,5,not,2021-03-19 11:41:28
92104,3,0,9.5,3,8,6,not,2021-03-19 11:43:33
92104,10,0,7,3,8,7,not,2021-03-19 11:45:28
92104,3,3,3,3,8,8,not,2021-03-19 11:47:16
92104,3,0,4,3,8,9,not,2021-03-19 11:49:16
92104,1,1,7.5,3,8,10,not,2021-03-19 11:51:38
92104,5,5,6.5,3,8,11,not,2021-03-19 11:53:17
92104,5,0,15,3,8,12,not,2021-03-19 11:55:50
92104,4,4,8,3,8,13,not,2021-03-19 11:57:48
92104,6,0,12.5,3,8,14,not,2021-03-19 11:59:24
92104,4,4,15,3,8,15,not,2021-03-19 12:01:22
92104,5,0,5.5,3,8,16,not,2021-03-19 12:03:32
92104,5,5,7.5,3,8,17,not,2021-03-19 12:05:20
92104,5,5,11,3,8,18,not,2021-03-19 12:07:17
92104,5,0,6,3,8,19,not,2021-03-19 12:09:29
92104,5,0,6.5,3,8,20,not,2021-03-19 12:11:54
92257,10,NULL,NULL,NULL,2,1,not,2021-03-19 11:31:44
92257,10,0,3,3,8,2,not,2021-03-19 11:35:20
92257,9,0,9.5,3,8,3,not,2021-03-19 11:37:36
92257,5,5,4,3,8,4,not,2021-03-19 11:39:28
92257,7,0,7.5,3,8,5,not,2021-03-19 11:41:27
92257,10,0,6,3,8,6,not,2021-03-19 11:43:33
92257,9,0,7.5,3,8,7,not,2021-03-19 11:45:22
92257,5,5,2,3,8,8,not,2021-03-19 11:47:18
92257,5,0,3,3,8,9,not,2021-03-19 11:49:25
92257,5,5,5.5,3,8,10,not,2021-03-19 11:51:20
92257,10,10,4,3,8,11,not,2021-03-19 11:53:16
92257,10,0,12.5,3,8,12,not,2021-03-19 11:55:19
92257,10,10,5,3,8,13,not,2021-03-19 11:57:47
92257,10,0,10.5,3,8,14,not,2021-03-19 11:59:16
92257,10,10,12,3,8,15,not,2021-03-19 12:01:13
92257,10,0,3,3,8,16,not,2021-03-19 12:03:19
92257,10,10,5,3,8,17,not,2021-03-19 12:05:15
92257,10,10,8.5,3,8,18,not,2021-03-19 12:07:37
92257,11,0,3,3,8,19,not,2021-03-19 12:09:34
92257,13,0,2.5,3,8,20,not,2021-03-19 12:11:28
92509,18,NULL,NULL,NULL,3,1,randomly,2021-03-19 11:30:21
92509,20,20,8,3,4,2,randomly,2021-03-19 11:35:44
92509,18,18,7.5,3,5,3,randomly,2021-03-19 11:37:30
92509,19,0,13.5,3,5,4,randomly,2021-03-19 11:39:28
92509,15,15,17,3,5,5,randomly,2021-03-19 11:41:35
92509,25,0,8.5,3,5,6,randomly,2021-03-19 11:43:32
92509,14,0,20.5,3,1,7,randomly,2021-03-19 11:45:33
92509,13,13,16.5,3,1,8,randomly,2021-03-19 11:47:26
92509,15,0,19,3,0,9,randomly,2021-03-19 11:49:24
92509,19,0,7.5,3,3,10,randomly,2021-03-19 11:51:36
92509,8,8,16,3,5,11,randomly,2021-03-19 11:53:18
92509,12,0,16.5,3,1,12,randomly,2021-03-19 11:55:22
92509,15,0,-1,1,6,13,randomly,2021-03-19 11:57:23
92509,10,0,10,3,3,14,randomly,2021-03-19 11:59:21
92509,12,12,15.5,3,3,15,randomly,2021-03-19 12:01:20
92509,14,14,7.5,3,3,16,randomly,2021-03-19 12:03:18
92509,9,0,9,3,4,17,randomly,2021-03-19 12:05:24
92509,9,0,9.5,3,0,18,randomly,2021-03-19 12:07:20
92509,28,0,9,3,1,19,randomly,2021-03-19 12:09:21
92509,30,0,19,3,0,20,randomly,2021-03-19 12:11:38
93037,10,NULL,NULL,NULL,5,1,assortatively,2021-03-19 11:30:43
93037,10,10,11,3,4,2,assortatively,2021-03-19 11:35:16
93037,12,12,6,3,3,3,assortatively,2021-03-19 11:38:08
93037,13,0,14.5,3,5,4,assortatively,2021-03-19 11:39:34
93037,10,0,13.5,3,6,5,assortatively,2021-03-19 11:41:44
93037,9,9,8.5,3,4,6,assortatively,2021-03-19 11:43:22
93037,9,9,9.5,3,3,7,assortatively,2021-03-19 11:45:29
93037,10,0,10.5,3,3,8,assortatively,2021-03-19 11:47:23
93037,10,10,9,3,3,9,assortatively,2021-03-19 11:49:19
93037,10,10,10.5,3,4,10,assortatively,2021-03-19 11:51:26
93037,10,10,10,3,4,11,assortatively,2021-03-19 11:53:12
93037,10,10,14,3,3,12,assortatively,2021-03-19 11:55:30
93037,10,0,8,3,3,13,assortatively,2021-03-19 11:57:33
93037,10,0,11,3,3,14,assortatively,2021-03-19 11:59:16
93037,10,10,15,3,3,15,assortatively,2021-03-19 12:01:33
93037,10,10,8.5,3,3,16,assortatively,2021-03-19 12:03:40
93037,10,0,11,3,4,17,assortatively,2021-03-19 12:05:39
93037,9,0,7,3,3,18,assortatively,2021-03-19 12:07:30
93037,9,0,8,3,2,19,assortatively,2021-03-19 12:09:26
93037,9,0,9.5,3,3,20,assortatively,2021-03-19 12:11:44
93480,7,NULL,NULL,NULL,4,1,not,2021-03-19 11:30:30
93480,15,0,22,2,9,2,not,2021-03-19 11:35:20
93480,13,0,25,2,9,3,not,2021-03-19 11:37:29
93480,15,0,10,2,9,4,not,2021-03-19 11:39:18
93480,9,9,6,2,9,5,not,2021-03-19 11:41:17
93480,3,3,8,2,9,6,not,2021-03-19 11:43:18
93480,11,0,9,2,9,7,not,2021-03-19 11:45:19
93480,17,17,8,2,9,8,not,2021-03-19 11:47:29
93480,9,0,10,2,9,9,not,2021-03-19 11:49:43
93480,14,0,10,2,9,10,not,2021-03-19 11:51:26
93480,16,0,6,2,9,11,not,2021-03-19 11:53:26
93480,15,15,5,2,9,12,not,2021-03-19 11:55:25
93480,17,17,6,2,9,13,not,2021-03-19 11:57:17
93480,12,0,10,2,9,14,not,2021-03-19 11:59:16
93480,16,0,6,2,9,15,not,2021-03-19 12:01:20
93480,13,0,5,2,9,16,not,2021-03-19 12:03:24
93480,8,0,3,2,9,17,not,2021-03-19 12:05:18
93480,11,11,2,2,9,18,not,2021-03-19 12:07:23
93480,7,7,3,2,9,19,not,2021-03-19 12:09:37
93480,20,0,3,2,9,20,not,2021-03-19 12:11:24
94738,8,NULL,NULL,NULL,6,1,not,2021-03-19 11:30:56
96644,6,NULL,NULL,NULL,6,1,not,2021-03-19 11:30:19
96644,22,0,15,2,9,2,not,2021-03-19 11:35:29
96644,25,0,13,2,9,3,not,2021-03-19 11:37:17
96644,10,0,15,2,9,4,not,2021-03-19 11:39:40
96644,6,6,9,2,9,5,not,2021-03-19 11:41:50
96644,8,8,3,2,9,6,not,2021-03-19 11:43:16
96644,9,0,11,2,9,7,not,2021-03-19 11:45:26
96644,8,8,17,2,9,8,not,2021-03-19 11:47:24
96644,10,0,9,2,9,9,not,2021-03-19 11:49:27
96644,10,0,14,2,9,10,not,2021-03-19 11:51:16
96644,6,0,16,2,9,11,not,2021-03-19 11:53:15
96644,5,5,15,2,9,12,not,2021-03-19 11:55:19
96644,6,6,17,2,9,13,not,2021-03-19 11:57:11
96644,10,0,12,2,9,14,not,2021-03-19 11:59:20
96644,6,0,16,2,9,15,not,2021-03-19 12:01:15
96644,5,0,13,2,9,16,not,2021-03-19 12:03:37
96644,3,0,8,2,9,17,not,2021-03-19 12:05:15
96644,2,2,11,2,9,18,not,2021-03-19 12:07:16
96644,3,3,7,2,9,19,not,2021-03-19 12:09:11
96644,3,0,20,2,9,20,not,2021-03-19 12:11:20
98185,18,NULL,NULL,NULL,3,1,randomly,2021-03-19 11:30:14
98185,8,0,11,3,0,2,randomly,2021-03-19 11:35:16
98185,5,5,14,3,5,3,randomly,2021-03-19 11:37:12
98185,13,0,15,3,2,4,randomly,2021-03-19 11:39:15
98185,7,7,13.5,3,4,5,randomly,2021-03-19 11:41:22
98185,6,6,6.5,3,3,6,randomly,2021-03-19 11:43:22
98185,10,0,13,3,5,7,randomly,2021-03-19 11:45:16
98185,9,9,-1,1,6,8,randomly,2021-03-19 11:47:21
98185,8,8,5,3,5,9,randomly,2021-03-19 11:49:19
98185,6,6,16,3,4,10,randomly,2021-03-19 11:51:11
98185,9,0,15,3,3,11,randomly,2021-03-19 11:53:15
98185,5,5,13,3,3,12,randomly,2021-03-19 11:55:15
98185,3,3,4.5,3,3,13,randomly,2021-03-19 11:57:18
98185,7,0,10.5,3,1,14,randomly,2021-03-19 11:59:13
98185,6,0,13.5,3,4,15,randomly,2021-03-19 12:01:12
98185,10,10,9.5,3,3,16,randomly,2021-03-19 12:03:14
98185,8,0,9.5,3,4,17,randomly,2021-03-19 12:05:10
98185,5,5,13.5,3,2,18,randomly,2021-03-19 12:07:13
98185,8,0,16,3,4,19,randomly,2021-03-19 12:09:17
98185,9,0,-1,1,6,20,randomly,2021-03-19 12:11:11
98200,15,NULL,NULL,NULL,1,1,assortatively,2021-03-19 11:31:42
98200,15,0,15,3,7,2,assortatively,2021-03-19 11:35:30
98200,15,0,15,3,7,3,assortatively,2021-03-19 11:37:34
98200,10,10,12.5,3,7,4,assortatively,2021-03-19 11:39:41
98200,10,0,8,3,3,5,assortatively,2021-03-19 11:41:24
98200,6,6,10,3,4,6,assortatively,2021-03-19 11:43:49
98200,10,0,6,3,1,7,assortatively,2021-03-19 11:45:17
98200,10,0,10.5,3,3,8,assortatively,2021-03-19 11:47:31
98200,10,10,10,3,4,9,assortatively,2021-03-19 11:49:25
98200,10,10,10.5,3,4,10,assortatively,2021-03-19 11:51:21
98200,10,10,10,3,4,11,assortatively,2021-03-19 11:53:29
98200,15,0,9.5,3,4,12,assortatively,2021-03-19 11:55:31
98200,10,0,18,3,5,13,assortatively,2021-03-19 11:57:41
98200,10,0,11,3,3,14,assortatively,2021-03-19 11:59:24
98200,5,0,8,3,2,15,assortatively,2021-03-19 12:01:20
98200,5,5,2,3,0,16,assortatively,2021-03-19 12:03:19
98200,5,5,7.5,3,1,17,assortatively,2021-03-19 12:05:18
98200,10,0,4,3,0,18,assortatively,2021-03-19 12:07:34
98200,10,0,12.5,3,3,19,assortatively,2021-03-19 12:09:40
98200,9,0,9,3,4,20,assortatively,2021-03-19 12:11:56
98696,5,NULL,NULL,NULL,6,1,assortatively,2021-03-19 11:30:16
98696,6,0,3,3,2,2,assortatively,2021-03-19 11:35:21
98696,3,0,7.5,3,2,3,assortatively,2021-03-19 11:37:43
98696,3,3,6,3,0,4,assortatively,2021-03-19 11:39:42
98696,4,4,4.5,3,1,5,assortatively,2021-03-19 11:41:39
98696,6,0,15,3,0,6,assortatively,2021-03-19 11:43:55
98696,6,0,8,3,1,7,assortatively,2021-03-19 11:45:31
98696,6,6,8.5,3,0,8,assortatively,2021-03-19 11:47:18
98696,6,6,6.5,3,1,9,assortatively,2021-03-19 11:49:49
98696,10,0,8.5,3,1,10,assortatively,2021-03-19 11:52:01
98696,10,10,10,3,4,11,assortatively,2021-03-19 11:53:17
98696,10,0,12,3,4,12,assortatively,2021-03-19 11:55:24
98696,10,0,8,3,3,13,assortatively,2021-03-19 11:57:21
98696,12,0,10,3,3,14,assortatively,2021-03-19 11:59:50
98696,12,12,6,3,5,15,assortatively,2021-03-19 12:01:24
98696,12,12,10,3,4,16,assortatively,2021-03-19 12:03:24
98696,14,14,15.5,3,5,17,assortatively,2021-03-19 12:05:23
98696,12,0,10,3,5,18,assortatively,2021-03-19 12:07:19
98696,15,15,10,3,5,19,assortatively,2021-03-19 12:09:42
98696,12,12,20,3,5,20,assortatively,2021-03-19 12:11:36
99237,15,NULL,NULL,NULL,2,1,randomly,2021-03-19 11:32:04
99237,13,13,14,3,3,2,randomly,2021-03-19 11:35:41
99237,20,20,14,3,0,3,randomly,2021-03-19 11:37:29
99237,25,0,9,3,2,4,randomly,2021-03-19 11:40:25
99237,20,20,7,3,4,5,randomly,2021-03-19 11:41:35
99237,19,0,16.5,3,4,6,randomly,2021-03-19 11:43:37
99237,14,0,16.5,3,3,7,randomly,2021-03-19 11:45:44
99237,10,0,15,3,5,8,randomly,2021-03-19 11:47:31
99237,9,0,20,3,3,9,randomly,2021-03-19 11:49:16
99237,10,10,-1,1,6,10,randomly,2021-03-19 11:52:00
99237,10,0,14.5,3,3,11,randomly,2021-03-19 11:53:43
99237,7,0,19,3,1,12,randomly,2021-03-19 11:55:57
99237,7,7,13.5,3,1,13,randomly,2021-03-19 11:57:38
99237,9,0,16,3,2,14,randomly,2021-03-19 11:59:28
99237,10,0,10.5,3,0,15,randomly,2021-03-19 12:02:20
99237,5,5,12,3,3,16,randomly,2021-03-19 12:04:11
99237,10,10,16,3,1,17,randomly,2021-03-19 12:05:40
99237,10,10,3,3,5,18,randomly,2021-03-19 12:07:44
99237,10,10,12,3,5,19,randomly,2021-03-19 12:09:47
99237,10,0,12,3,3,20,randomly,2021-03-19 12:11:19
99864,10,NULL,NULL,NULL,1,1,not,2021-03-19 11:33:01
99864,15,0,-1,1,10,2,not,2021-03-19 11:35:23
99864,9,9,-1,1,10,3,not,2021-03-19 11:37:48
99864,11,0,-1,1,10,4,not,2021-03-19 11:39:50
99864,5,5,-1,1,10,5,not,2021-03-19 11:41:42
99864,14,0,-1,1,10,6,not,2021-03-19 11:44:12
99864,9,0,-1,1,10,7,not,2021-03-19 11:45:26
99864,6,6,-1,1,10,8,not,2021-03-19 11:47:58
99864,5,5,-1,1,10,9,not,2021-03-19 11:50:16
99864,8,8,-1,1,10,10,not,2021-03-19 11:51:25
99864,15,0,-1,1,10,11,not,2021-03-19 11:53:24
99864,10,10,-1,1,10,12,not,2021-03-19 11:55:44
99864,5,5,-1,1,10,13,not,2021-03-19 11:57:43
99864,9,0,-1,1,10,14,not,2021-03-19 12:01:03
99864,10,0,-1,1,10,15,not,2021-03-19 12:01:24
99864,8,8,-1,1,10,16,not,2021-03-19 12:03:21
99864,8,8,-1,1,10,17,not,2021-03-19 12:05:54
99864,11,11,-1,1,10,18,not,2021-03-19 12:07:50
99864,8,0,-1,1,10,19,not,2021-03-19 12:09:21
99864,15,0,-1,1,10,20,not,2021-03-19 12:11:31
